number,name,sequence,pre_site
0,sp|P0A901|,MRLLPLVAAATAAFLVVACSSPTPPRGVTVVNNFDAKRYLGTWYEIARFDHRFERGLEKVTATYSLRDDGGLNVINKGYNPDRGMWQQSEGKAYFTGAPTRAALKVSFFGPFYGGYNVIALDREYRHALVCGPDRDYLWILSRTPTISDEVKQEMLAVATREGFDVSKFIWVQQPGS,"[59, 77, 92, 105, 152, 168]"
1,sp|P09030|,MKFVSFNINGLRARPHQLEAIVEKHQPDVIGLQETKVHDDMFPLEEVAKLGYNVFYHGQKGHYGVALLTKETPIAVRRGFPGDDEEAQRRIIMAEIPSLLGNVTVINGYFPQGESRDHPIKFPAKAQFYQNLQNYLETELKRDNPVLIMGDMNISPTDLDIGIGEENRKRWLRTGKCSFLPEEREWMDRLMSWGLVDTFRHANPQTADRFSWFDYRSKGFDDNRGLRIDLLLASQPLAECCVETGIDYEIRSMEKPSDHAPVWATFRR,"[49, 60, 70, 125]"
2,sp|P06996|,MKVKVLSLLVPALLVAGAANAAEVYNKDGNKLDLYGKVDGLHYFSDNKDVDGDQTYMRLGFKGETQVTDQLTGYGQWEYQIQGNSAENENNSWTRVAFAGLKFQDVGSFDYGRNYGVVYDVTSWTDVLPEFGGDTYGSDNFMQQRGNGFATYRNTDFFGLVDGLNFAVQYQGKNGNPSGEGFTSGVTNNGRDALRQNGDGVGGSITYDYEGFGIGGAISSSKRTDAQNTAAYIGNGDRAETYTGGLKYDANNIYLAAQYTQTYNATRVGSLGWANKAQNFEAVAQYQFDFGLRPSLAYLQSKGKNLGRGYDDEDILKYVDVGATYYFNKNMSTYVDYKINLLDDNQFTRDAGINTDNIVALGLVYQF,"[4, 27, 31, 37, 48, 62, 222, 276, 302, 304, 317, 329, 338]"
3,sp|P17854|,MSKLDLNALNELPKVDRILALAETNAELEKLDAEGRVAWALDNLPGEYVLSSSFGIQAAVSLHLVNQIRPDIPVILTDTGYLFPETYRFIDELTDKLKLNLKVYRATESAAWQEARYGKLWEQGVEGIEKYNDINKVEPMNRALKELNAQTWFAGLRREQSGSRANLPVLAIQRGVFKVLPIIDWDNRTIYQYLQKHGLKYHPLWDEGYLSVGDTHTTRKWEPGMAEEETRFFGLKRECGLHEG,"[3, 14, 30, 96, 98, 102, 119, 130, 136, 145, 236]"
4,sp|P0AEI1|,MTKKLHIKTWGCQMNEYDSSKMADLLDATHGYQLTDVAEEADVLLLNTCSIREKAQEKVFHQLGRWKLLKEKNPDLIIGVGGCVASQEGEHIRQRAHYVDIIFGPQTLHRLPEMINSVRGDRSPVVDISFPEIEKFDRLPEPRAEGPTAFVSIMEGCNKYCTYCVVPYTRGEEVSRPSDDILFEIAQLAAQGVREVNLLGQNVNAWRGENYDGTTGSFADLLRLVAAIDGIDRIRFTTSHPIEFTDDIIEVYRDTPELVSFLHLPVQSGSDRILNLMGRTHTALEYKAIIRKLRAARPDIQISSDFIVGFPGETTEDFEKTMKLIADVNFDMSYSFIFSARPGTPAADMVDDVPEEEKKQRLYILQERINQQAMAWSRRMLGTTQRILVEGTSRKSIMELSGRTENNRVVNFEGTPDMIGKFVDVEITDVYPNSLRGKVVRTEDEMGLRVAETPESVIARTRKENDLGVGYYQP,"[58, 70, 72, 292, 320, 323, 359, 395, 438, 463]"
5,sp|P0A884|,MKQYLELMQKVLDEGTQKNDRTGTGTLSIFGHQMRFNLQDGFPLVTTKRCHLRSIIHELLWFLQGDTNIAYLHENNVTIWDEWADENGDLGPVYGKQWRAWPTPDGRHIDQITTVLNQLKNDPDSRRIIVSAWNVGELDKMALAPCHAFFQFYVADGKLSCQLYQRSCDVFLGLPFNIASYALLVHMMAQQCDLEVGDFVWTGGDTHLYSNHMDQTHLQLSREPRPLPKLIIKRKPESIFDYRFEDFEIEGYDPHPGIKAPVAI,"[2, 10, 18, 140]"
6,sp|P0AFP6|,MKNTELEQLINEKLNSAAISDYAPNGLQVEGKETVQKIVTGVTASQALLDEAVRLGADAVIVHHGYFWKGESPVIRGMKRNRLKTLLANDINLYGWHLPLDAHPELGNNAQLAALLGITVMGEIEPLVPWGELTMPVPGLELASWIEARLGRKPLWCGDTGPEVVQRVAWCTGGGQSFIDSAARFGVDAFITGEVSEQTIHSAREQGLHFYAAGHHATERGGIRALSEWLNENTDLDVTFIDIPNPA,"[13, 32, 37, 69, 79, 84, 153]"
7,sp|P21362|,MNMKTIEDVFIHLLSDTYSAEKQLTRALAKLARATSNEKLSQAFHAHLEETHGQIERIDQVVESESNLKIKRMKCVAMEGLIEEANEVIESTEKNEVRDAALIAAAQKVEHYEIASYGTLATLAEQLGYRKAAKLLKETLEEEKATDIKLTDLAINNVNKKAENKA,"[4, 30, 39, 69, 71, 74, 108, 134, 137, 144, 149]"
8,sp|P23827|,MKTILPAVLFAAFATTSAWAAESVQPLEKIAPYPQAEKGMKRQVIQLTPQEDESTLKVELLIGQTLEVDCNLHRLGGKLENKTLEGWGYDYYVFDKVSSPVSTMMACPDGKKEKKFVTAYLGDAGMLRYNSKLPIVVYTPDNVDVKYRVWKAEEKIDNAVVR,"[2, 29, 38, 41, 82, 96, 111, 112, 114, 115, 132, 146, 151, 155]"
9,sp|P0CE49|,MFVIWSHRTGFIMSHQLTFADSEFSSKRRQTRKEIFLSRMEQILPWQNMVEVIEPFYPKAGNGRRPYPLETMLRIHCMQHWYNLSDGAMEDALYEIASMRLFARLSLDSALPDRTTIMNFRHLLEQHQLARQLFKTINRWLAEAGVMMTQGTLVDATIIEAPSSTKNKEQQRDPEMHQTKKGNQWHFGMKAHIGVDAKSGLTHSLVTTAANEHDLNQLGNLLHGEEQFVSADAGYQGAPQREELAEVDVDWLIAERPGKVRTLKQHPRKNKTAINIEYMKASIRARVEHPFRIIKRQFGFVKARYKGLLKNDNQLAMLFTLANLFRADQMIRQWERSH,"[33, 190, 198, 280, 302, 306, 310]"
10,sp|P0ADS9|,MMRKMLLAAALSVTAMTAHADYQCSVTPRDDVIVSPQTVQVKGENGNLVITPDGNVMYNGKQYSLNAAQREQAKDYQAELRSTLPWIDEGAKSRVEKARIALDKIIVQEMGESSKMRSRLTKLDAQLKEQMNRIIETRSDGLTFHYKAIDQVRAEGQQLVNQAMGGILQDSINEMGAKAVLKSGGNPLQNVLGSLGGLQSSIQTEWKKQEKDFQQFGKDVCSRVVTLEDSRKALVGNLK,"[4, 74, 97, 104, 115, 122, 178, 182, 207, 208, 211, 218, 232]"
11,sp|P77804|,MNKSLVAVGVIVALGVVWTGGAWYTGKKIETHLEDMVAQANAQLKLTAPESNLEVSYQNYHRGVFSSQLQLLVKPIAGKENPWIKSGQSVIFNESVDHGPFPLAQLKKLNLIPSMASIQTTLVNNEVSKPLFDMAKGETPFEINSRIGYSGDSSSDISLKPLNYEQKDEKVAFSGGEFQLNADRDGKAISLSGEAQSGRIDAVNEYNQKVQLTFNNLKTDGSSTLASFGERVGNQKLSLEKMTISVEGKELALLEGMEISGKSDLVNDGKTINSQLDYSLNSLKVQNQDLGSGKLTLKVGQIDGEAWHQFSQQYNAQTQALLAQPEIANNPELYQEKVTEAFFSALPLMLKGDPVITIAPLSWKNSQGESALNLSLFLKDPATTKEAPQTLAQEVDRSVKSLDAKLTIPVDMATEFMTQVAKLEGYQEDQAKKLAKQQVEGASAMGQMFRLTTLQDNTITTSLQYANGQITLNGQKMSLEDFVGMFAMPALNVPAVPAIPQQ,"[3, 27, 28, 74, 79, 85, 107, 108, 129, 136, 160, 167, 170, 187, 209, 218, 236, 241, 249, 262, 270, 284, 294, 298, 351, 364, 385, 400, 405, 422, 432, 433, 436, 476]"
12,sp|P0A8V0|,MELIFLGTSAGVPTRTRNVTAILLNLQHPTQSGLWLFDCGEGTQHQLLHTAFNPGKLDKIFISHLHGDHLFGLPGLLCSRSMSGIIQPLTIYGPQGIREFVETALRISGSWTDYPLEIVEIGAGEILDDGLRKVTAYPLEHPLECYGYRIEEHDKPGALNAQALKAAGVPPGPLFQELKAGKTITLEDGRQINGADYLAAPVPGKALAIFGDTGPCDAALDLAKGVDVMVHEATLDITMEAKANSRGHSSTRQAATLAREAGVGKLIITHVSSRYDDKGCQHLLRECRSIFPATELANDFTVFNV,"[165, 179, 182, 265]"
13,sp|P32662|,MNKFEDIRGVAFDLDGTLVDSAPGLAAAVDMALYALELPVAGEERVITWIGNGADVLMERALTWARQERATQRKTMGKPPVDDDIPAEEQVRILRKLFDRYYGEVAEEGTFLFPHVADTLGALQAKGLPLGLVTNKPTPFVAPLLEALDIAKYFSVVIGGDDVQNKKPHPDPLLLVAERMGIAPQQMLFVGDSRNDIQAAKAAGCPSVGLTYGYNYGEAIDLSQPDVIYQSINDLLPALGLPHSENQESKND,"[3, 74, 78, 96, 126, 136, 166, 167, 201]"
14,sp|P0ABT2|,MSTAKLVKSKATNLLYTRNDVSDSEKKATVELLNRQVIQFIDLSLITKQAHWNMRGANFIAVHEMLDGFRTALIDHLDTMAERAVQLGGVALGTTQVINSKTPLKSYPLDIHNVQDHLKELADRYAIVANDVRKAIGEAKDDDTADILTAASRDLDKFLWFIESNIE,"[8, 10, 27, 101, 105, 134, 140, 157]"
15,sp|P0ACM2|,MTVETQLNPTQPVNQQIYRILRRDIVHCLIAPGTPLSEKEVSVRFNVSRQPVREAFIKLAENGLIQIRPQRGSYVNKISMAQVRNGSFIRQAIECAVARRAASMITESQCYQLEQNLHQQRIAIERKQLDDFFELDDNFHQLLTQIADCQLAWDTIENLKATVDRVRYMSFDHVSPPEMLLRQHLDIFSALQKRDGDAVERAMTQHLQEISESVRQIRQENSDWFSEE,"[58, 77, 193]"
16,sp|P64612|,MQSVTPTSQYLKALNEGSHQPDDVQKEAVSRLEIIYQELINSTPPAPRTSGLMARVGKLWGKREDTKHTPVRGLYMWGGVGRGKTWLMDLFYQSLPGERKQRLHFHRFMLRVHEELTALQGQTDPLEIIADRFKAETDVLCFDEFFVSDITDAMLLGGLMKALFARGITLVATSNIPPDELYRNGLQRARFLPAIDAIKQHCDVMNVDAGVDYRLRTLTQAHLWLSPLHDETRAQMDKLWLALAGGKRENSPTLEINHRPLATMGVENQTLAVSFTTLCVDARSQHDYIALSRLFHTVMLFDVPVMTRLMESEARRFIALVDEFYERHVKLVVSAEVPLYEIYQGDRLKFEFQRCLSRLQEMQSEEYLKREHLAG,"[58, 62, 67, 84, 161, 238, 247]"
17,sp|P0A761|,MSLLAQLDQKIAANGGLIVSCQPVPDSPLDKPEIVAAMALAAEQAGAVAIRIEGVANLQATRAVVSVPIIGIVKRDLEDSPVRITAYIEDVDALAQAGADIIAIDGTDRPRPVPVETLLARIHHHGLLAMTDCSTPEDGLACQKLGAEIIGTTLSGYTTPETPEEPDLALVKTLSDAGCRVIAEGRYNTPAQAADAMRHGAWAVTVGSAITRLEHICQWYNTAMKKAVL,"[10, 74, 144]"
18,sp|P0A9M8|,MSRIIMLIPTGTSVGLTSVSLGVIRAMERKGVRLSVFKPIAQPRTGGDAPDQTTTIVRANSSTTTAAEPLKMSYVEGLLSSNQKDVLMEEIVANYHANTKDAEVVLVEGLVPTRKHQFAQSLNYEIAKTLNAEIVFVMSQGTDTPEQLKERIELTRNSFGGAKNTNITGVIVNKLNAPVDEQGRTRPDLSEIFDDSSKAKVNNVDPAKLQESSPLPVLGAVPWSFDLIATRAIDMARHLNATIINEGDINTRRVKSVTFCARSIPHMLEHFRAGSLLVTSADRPDVLVAACLAAMNGVEIGALLLTGGYEMDARISKLCERAFATGLPVFMVNTNTWQTSLSLQSFNLEVPVDDHERIEKVQEYVANYINADWIESLTATSERSRRLSPPAFRYQLTELARKAGKRIVLPEGDEPRTVKAAAICAERGIATCVLLGNPAEINRVAASQGVELGAGIEIVDPEVVRESYVGRLVELRKNKGMTETVAREQLEDNVVLGTLMLEQDEVDGLVSGAVHTTANTIRPPLQLIKTAPGSSLVSSVFFMLLPEQVYVYGDCAINPDPTAEQLAEIAIQSADSAAAFGIEPRVAMLSYSTGTSGAGSDVEKVREATRLAQEKRPDLMIDGPLQYDAAVMADVAKSKAPNSPVAGRATVFIFPDLNTGNTTYKAVQRSADLISIGPMLQGMRKPVNDLSRGALVDDIVYTIALTAIQSAQQQ,"[30, 38, 71, 84, 115, 128, 163, 174, 200, 208, 317, 402, 405, 419, 477, 479, 604, 615, 637, 639, 685]"
19,sp|P0A9N4|,MSVIGRIHSFESCGTVDGPGIRFITFFQGCLMRCLYCHNRDTWDTHGGKEVTVEDLMKEVVTYRHFMNASGGGVTASGGEAILQAEFVRDWFRACKKEGIHTCLDTNGFVRRYDPVIDELLEVTDLVMLDLKQMNDEIHQNLVGVSNHRTLEFAKYLANKNVKVWIRYVVVPGWSDDDDSAHRLGEFTRDMGNVEKIELLPYHELGKHKWVAMGEEYKLDGVKPPKKETMERVKGILEQYGHKVMF,"[58, 96, 97, 155, 160, 163, 207, 209, 218, 223, 226, 227, 234, 243]"
20,sp|P18196|,MSNTPIELKGSSFTLSVVHLHEAEPKVIHQALEDKIAQAPAFLKHAPVVLNVSALEDPVNWSAMHKAVSATGLRVIGVSGCKDAQLKAEIEKMGLPILTEGKEKAPRPAPTPQAPAQNTTPVTKTRLIDTPVRSGQRIYAPQCDLIVTSHVSAGAELIADGNIHVYGMMRGRALAGASGDRETQIFCTNLMAELVSIAGEYWLSDQIPAEFYGKAARLQLVENALTVQPLN,"[9, 35, 44, 66, 82, 87, 92, 102, 104]"
21,sp|P0A8M6|,METTKPSFQDVLEFVRLFRRKNKLQREIQDVEKKIRDNQKRVLLLDNLSDYIKPGMSVEAIQGIIASMKGDYEDRVDDYIIKNAELSKERRDISKKLKAMGEMKNGEAK,"[40, 69, 82]"
22,sp|P60757|,MTDNTRLRIAMQKSGRLSDDSRELLARCGIKINLHTQRLIAMAENMPIDILRVRDDDIPGLVMDGVVDLGIIGENVLEEELLNRRAQGEDPRYFTLRRLDFGGCRLSLATPVDEAWDGPLSLNGKRIATSYPHLLKRYLDQKGISFKSCLLNGSVEVAPRAGLADAICDLVSTGATLEANGLREVEVIYRSKACLIQRDGEMEESKQQLIDKLLTRIQGVIQARESKYIMMHAPTERLDEVIALLPGAERPTILPLAGDQQRVAMHMVSSETLFWETMEKLKALGASSILVLPIEKMME,"[13, 31, 125, 136, 142, 147, 192, 206, 212, 227, 280, 282, 296]"
23,sp|P0AGB0|,MPNITWCDLPEDVSLWPGLPLSLSGDEVMPLDYHAGRSGWLLYGRGLDKQRLTQYQSKLGAAMVIVAAWCVEDYQVIRLAGSLTARATRLAHEAQLDVAPLGKIPHLRTPGLLVMDMDSTAIQIECIDEIAKLAGTGEMVAEVTERAMRGELDFTASLRSRVATLKGADANILQQVRENLPLMPGLTQLVLKLETLGWKVAIASGGFTFFAEYLRDKLRLTAVVANELEIMDGKFTGNVIGDIVDAQYKAKTLTRLAQEYEIPLAQTVAIGDGANDLPMIKAAGLGIAYHAKPKVNEKAEVTIRHADLMGVFCILSGSLNQK,"[49, 58, 166, 192, 199, 217, 234, 249, 251, 281, 292, 294, 298]"
24,sp|P0A9P6|,MAEFETTFADLGLKAPILEALNDLGYEKPSPIQAECIPHLLNGRDVLGMAQTGSGKTAAFSLPLLQNLDPELKAPQILVLAPTRELAVQVAEAMTDFSKHMRGVNVVALYGGQRYDVQLRALRQGPQIVVGTPGRLLDHLKRGTLDLSKLSGLVLDEADEMLRMGFIEDVETIMAQIPEGHQTALFSATMPEAIRRITRRFMKEPQEVRIQSSVTTRPDISQSYWTVWGMRKNEALVRFLEAEDFDAAIIFVRTKNATLEVAEALERNGYNSAALNGDMNQALREQTLERLKDGRLDILIATDVAARGLDVERISLVVNYDIPMDSESYVHRIGRTGRAGRAGRALLFVENRERRLLRNIERTMKLTIPEVELPNAELLGKRRLEKFAAKVQQQLESSDLDQYRALLSKIQPTAEGEELDLETLAAALLKMAQGERTLIVPPDAPMRPKREFRDRDDRGPRDRNDRGPRGDREDRPRRERRDVGDMQLYRIEVGRDDGVEVRHIVGAIANEGDISSRYIGNIKLFASHSTIELPKGMPGEVLQHFTRTRILNKPMNMQLLGDAQPHTGGERRGGGRGFGGERREGGRNFSGERREGGRGDGRRFSGERREGRAPRRDDSTGRRRFGGDA,"[14, 56, 99, 141, 149, 386, 390, 535]"
25,sp|P0ABA4|,MSEFITVARPYAKAAFDFAVEHQSVERWQDMLAFAAEVTKNEQMAELLSGALAPETLAESFIAVCGEQLDENGQNLIRVMAENGRLNALPDVLEQFIHLRAVSEATAEVDVISAAALSEQQLAKISAAMEKRLSRKVKLNCKIDKSVMAGVIIRAGDMVIDGSVRGRLERLADVLQS,"[13, 40, 124, 136, 142, 145]"
26,sp|P0A9Q5|,MSWIERIKSNITPTRKASIPEGVWTKCDSCGQVLYRAELERNLEVCPKCDHHMRMTARNRLHSLLDEGSLVELGSELEPKDVLKFRDSKKYKDRLASAQKETGEKDALVVMKGTLYGMPVVAAAFEFAFMGGSMGSVVGARFVRAVEQALEDNCPLICFSASGGARMQEALMSLMQMAKTSAALAKMQERGLPYISVLTDPTMGGVSASFAMLGDLNIAEPKALIGFAGPRVIEQTVREKLPPGFQRSEFLIEKGAIDMIVRRPEMRLKLASILAKLMNLPAPNPEAPREGVVVPPVPDQEPEA,"[16, 26, 100, 105, 112, 179, 186, 222, 254, 269, 276]"
27,sp|P0AEW6|,MKFPGKRKSKHYFPVNARDPLLQQFQPENETSAAWVVGIDQTLVDIEAKVDDEFIERYGLSAGHSLVIEDDVAEALYQELKQKNLITHQFAGGTIGNTMHNYSVLADDRSVLLGVMCSNIEIGSYAYRYLCNTSSRTDLNYLQGVDGPIGRCFTLIGESGERTFAISPGHMNQLRAESIPEDVIAGASALVLTSYLVRCKPGEPMPEATMKAIEYAKKYNVPVVLTLGTKFVIAENPQWWQQFLKDHVSILAMNEDEAEALTGESDPLLASDKALDWVDLVLCTAGPIGLYMAGFTEDEAKRKTQHPLLPGAIAEFNQYEFSRAMRHKDCQNPLRVYSHIAPYMGGPEKIMNTNGAGDGALAALLHDITANSYHRSNVPNSSKHKFTWLTYSSLAQVCKYANRVSYQVLNQHSPRLTRGLPEREDSLEESYWDR,"[83, 200, 211, 217, 218, 230, 301, 303, 349, 385]"
28,sp|P0AEB2|,MNTIFSARIMKRLALTTALCTAFISAAHADDLNIKTMIPGVPQIDAESYILIDYNSGKVLAEQNADVRRDPASLTKMMTSYVIGQAMKAGKFKETDLVTIGNDAWATGNPVFKGSSLMFLKPGMQVPVSQLIRGINLQSGNDACVAMADFAAGSQDAFVGLMNSYVNALGLKNTHFQTVHGLDADGQYSSARDMALIGQALIRDVPNEYSIYKEKEFTFNGIRQLNRNGLLWDNSLNVDGIKTGHTDKAGYNLVASATEGQMRLISAVMGGRTFKGREAESKKLLTWGFRFFETVNPLKVGKEFASEPVWFGDSDRASLGVDKDVYLTIPRGRMKDLKASYVLNSSELHAPLQKNQVVGTINFQLDGKTIEQRPLVVLQEIPEGNFFGKIIDYIKLMFHHWFG,"[11, 76, 88, 91, 93, 113, 121, 213, 215, 242, 248, 275, 282, 283, 299, 302, 323, 335, 338, 395]"
29,sp|P0A9S3|,MKSVVNDTDGIVRVAESVIPEIKHQDEVRVKIASSGLCGSDLPRIFKNGAHYYPITLGHEFSGYIDAVGSGVDDLHPGDAVACVPLLPCFTCPECLKGFYSQCAKYDFIGSRRDGGFAEYIVVKRKNVFALPTDMPIEDGAFIEPITVGLHAFHLAQGCENKNVIIIGAGTIGLLAIQCAVALGAKSVTAIDISSEKLALAKSFGAMQTFNSSEMSAPQMQSVLRELRFNQLILETAGVPQTVELAVEIAGPHAQLALVGTLHQDLHLTSATFGKILRKELTVIGSWMNYSSPWPGQEWETASRLLTERKLSLEPLIAHRGSFESFAQAVRDIARNAMPGKVLLIP,"[2, 23, 31, 105, 124, 126, 186, 197, 202, 279, 341]"
30,sp|P0AG82|,MKVMRTTVATVVAATLSMSAFSVFAEASLTGAGATFPAPVYAKWADTYQKETGNKVNYQGIGSSGGVKQIIANTVDFGASDAPLSDEKLAQEGLFQFPTVIGGVVLAVNIPGLKSGELVLDGKTLGDIYLGKIKKWDDEAIAKLNPGLKLPSQNIAVVRRADGSGTSFVFTSYLAKVNEEWKNNVGTGSTVKWPIGLGGKGNDGIAAFVQRLPGAIGYVEYAYAKQNNLAYTKLISADGKPVSPTEENFANAAKGADWSKTFAQDLTNQKGEDAWPITSTTFILIHKDQKKPEQGTEVLKFFDWAYKTGAKQANDLDYASLPDSVVEQVRAAWKTNIKDSSGKPLY,"[2, 43, 50, 55, 68, 114, 123, 132, 134, 135, 143, 149, 176, 182, 192, 200, 225, 233, 240, 254, 260, 270, 290, 291, 300, 307, 311, 334, 338, 343]"
31,sp|P0A9H7|,MSSSCIEEVSVPDDNWYRIANELLSRAGIAINGSAPADIRVKNPDFFKRVLQEGSLGLGESYMDGWWECDRLDMFFSKVLRAGLENQLPHHFKDTLRIAGARLFNLQSKKRAWIVGKEHYDLGNDLFSRMLDPFMQYSCAYWKDADNLESAQQAKLKMICEKLQLKPGMRVLDIGCGWGGLAHYMASNYDVSVVGVTISAEQQKMAQERCEGLDVTILLQDYRDLNDQFDRIVSVGMFEHVGPKNYDTYFAVVDRNLKPEGIFLLHTIGSKKTDLNVDPWINKYIFPNGCLPSVRQIAQSSEPHFVMEDWHNFGADYDTTLMAWYERFLAAWPEIADNYSERFKRMFTYYLNACAGAFRARDIQLWQVVFSRGVENGLRVAR,"[48, 93, 109, 110, 117, 143, 155, 157, 162, 166, 204, 244, 258, 271, 272, 283, 344]"
32,sp|P0ACD4|,MAYSEKVIDHYENPRNVGSFDNNDENVGSGMVGAPACGDVMKLQIKVNDEGIIEDARFKTYGCGSAIASSSLVTEWVKGKSLDEAQAIKNTDIAEELELPPVKIHCSILAEDAIKAAIADYKSKREAK,"[6, 42, 46, 59, 78, 80, 89, 115, 122, 124]"
33,sp|P04908|,MSGRGKQGGKARAKAKTRSSRAGLQFPVGRVHRLLRKGNYSERVGAGAPVYLAAVLEYLTAEILELAGNAARDNKKTRIIPRHLQLAIRNDEELNKLLGRVTIAQGGVLPNIQAVLLPKKTESHHKAKGK,[37]
34,sp|Q14847|,MNPNCARCGKIVYPTEKVNCLDKFWHKACFHCETCKMTLNMKNYKGYEKKPYCNAHYPKQSFTMVADTPENLRLKQQSELQSQVRYKEEFEKNKGKGFSVVADTPELQRIKKTQDQISNIKYHEEFEKSRMGPSGGEGMEPERRDSQDGSSYRRPLEQQQPHHIPTSAPVYQQPQQQPVAQSYGGYKEPAAPVSIQRSAPGGGGKRYRAVYDYSAADEDEVSFQDGDTIVNVQQIDDGWMYGTVERTGDTGMLPANYVEAI,"[10, 17, 23, 27, 36, 42, 45, 49, 50, 59, 92, 94, 96, 111, 112, 121, 128, 205]"
35,sp|P62888|,MVAAKKTKKSLESINSRLQLVMKSGKYVLGYKQTLKMIRQGKAKLVILANNCPALRKSEIEYYAMLAKTGVHHYSGNNIELGTACGKYYRVCTLAIIDPGDSDIIRSMPEQTGEK,"[23, 26, 32, 36, 42, 44, 57, 68]"
36,sp|P09382|,MACGLVASNLNLKPGECLRVRGEVAPDAKSFVLNLGKDSNNLCLHFNPRFNAHGDANTIVCNSKDGGAWGTEQREAVFPFQPGSVAEVCITFDQANLTVKLPDGYEFKFPNRLNLEAINYMAADGDFKIKCVAFD,"[13, 29, 37, 108, 128, 130]"
37,sp|P54136|,MDVLVSECSARLLQQEEEIKSLTAEIDRLKNCGCLGASPNLEQLQEENLKLKYRLNILRKSLQAERNKPTKNMINIISRLQEVFGHAIKAAYPDLENPPLLVTPSQQAKFGDYQCNSAMGISQMLKTKEQKVNPREIAENITKHLPDNECIEKVEIAGPGFINVHLRKDFVSEQLTSLLVNGVQLPALGENKKVIVDFSSPNIAKEMHVGHLRSTIIGESISRLFEFAGYDVLRLNHVGDWGTQFGMLIAHLQDKFPDYLTVSPPIGDLQVFYKESKKRFDTEEEFKKRAYQCVVLLQGKNPDITKAWKLICDVSRQELNKIYDALDVSLIERGESFYQDRMNDIVKEFEDRGFVQVDDGRKIVFVPGCSIPLTIVKSDGGYTYDTSDLAAIKQRLFEEKADMIIYVVDNGQSVHFQTIFAAAQMIGWYDPKVTRVFHAGFGVVLGEDKKKFKTRSGETVRLMDLLGEGLKRSMDKLKEKERDKVLTAEELNAAQTSVAYGCIKYADLSHNRLNDYIFSFDKMLDDRGNTAAYLLYAFTRIRSIARLANIDEEMLQKAARETKILLDHEKEWKLGRCILRFPEILQKILDDLFLHTLCDYIYELATAFTEFYDSCYCVEKDRQTGKILKVNMWRMLLCEAVAAVMAKGFDILGIKPVQRM,"[30, 126, 128, 131, 153, 168, 192, 193, 205, 274, 277, 278, 287, 288, 300, 306, 309, 321, 347, 362, 393, 400, 449, 450, 451, 453, 476, 478, 480, 484, 557, 563, 626, 629, 647, 655]"
38,sp|P21291|,MPNWGGGKKCGVCQKTVYFAEEVQCEGNSFHKSCFLCMVCKKNLDSTTVAVHGEEIYCKSCYGKKYGPKGYGYGQGAGTLSTDKGESLGIKHEEAPGHRPTTNPNASKFAQKIGGSERCPRCSQAVYAAEKVIGAGKSWHKACFRCAKCGKGLESTTLADKDGEIYCKGCYAKNFGPKGFGFGQGAGALVHSE,"[8, 9, 15, 41, 42, 64, 65, 69, 84, 91, 112, 131, 137, 141, 148, 151, 161, 168, 173, 178]"
39,sp|P16401|,MSETAPAETATPAPVEKSPAKKKATKKAAGAGAAKRKATGPPVSELITKAVAASKERNGLSLAALKKALAAGGYDVEKNNSRIKLGLKSLVSKGTLVQTKGTGASGSFKLNKKAASGEAKPKAKKAGAAKAKKPAGATPKKAKKAAGAKKAVKKTPKKAKKPAAAGVKKVAKSPKKAKAAAKPKKATKSPAKPKAVKPKAAKPKAAKPKAAKPKAAKAKKAAAKKK,"[22, 23, 49, 55, 66, 67, 78, 84, 88, 93, 100, 109, 112, 113]"
40,sp|Q9UNM6-2|,MKDVPGFLQQSQNSGPGQPAVWHRLEELYTKNFMKTLSVNLNTGKSLSSVFHFENECIDARRCSKAGGFYFRVNPLSLVEIILHVVRQMTDPNVALTFLEKTREKVKSSDEAVILCKTAIGALKLNIGDLQVTKETIEDVEEMLNNLPGVTSVHSRFYDLSSKYYQTIGNHASYYKDALRFLGCVDIKDLPVSEQQERAFTLGLAGLLGEGVFNFGELLMHPVLESLRNTDRQWLIDTLYAFNSGNVERFQTLKTAWGQQPDLAANEAQLLRKIQLLCLMEMTFTRPANHRQLTFEEIAKSAKITVNEVELLVMKALSVGLVKGSIDEVDKRVHMTWVQPRVLDLQQIKGMKDRLEFWCTDVKSMEMLVEHQAHDILT,"[31, 35, 45, 65, 105, 107, 117, 124, 134, 176, 188, 300, 303, 315, 323, 331, 349, 352]"
41,sp|P62306|,MSLPLNPKPFLNGLTGKPVMVKLKWGMEYKGYLVSVDGYMNMQLANTEEYIDGALSGHLGEVLIRCNNVLYIRGVEEEEEDGEMRE,"[8, 17, 22, 24, 30]"
42,sp|P54920|,MDNSGKEAEAMALLAEAERKVKNSQSFFSGLFGGSSKIEEACEIYARAANMFKMAKNWSAAGNAFCQAAQLHLQLQSKHDAATCFVDAGNAFKKADPQEAINCLMRAIEIYTDMGRFTIAAKHHISIAEIYETELVDIEKAIAHYEQSADYYKGEESNSSANKCLLKVAGYAALLEQYQKAIDIYEQVGTNAMDSPLLKYSAKDYFFKAALCHFCIDMLNAKLAVQKYEELFPAFSDSRECKLMKKLLEAHEEQNVDSYTESVKEYDSISRLDQWLTTMLLRIKKTIQGDEEDLR,"[6, 20, 22, 53, 56, 93, 94, 153, 163, 167, 199, 203, 208, 222, 227, 245, 246, 285]"
43,sp|P62701|,MARGPKKHLKRVAAPKHWMLDKLTGVFAPRPSTGPHKLRECLPLIIFLRNRLKYALTGDEVKKICMQRFIKIDGKVRTDITYPAGFMDVISIDKTGENFRLIYDTKGRFAVHRITPEEAKYKLCKVRKIFVGTKGIPHLVTHDARTIRYPDPLIKVNDTIQIDLETGKITDFIKFDTGNLCMVTGGANLGRIGVITNRERHPGSFDVVHVKDANGNSFATRLSNIFVIGKGNKPWISLPRGKGIRLTIAEERDKRLAAKQSSG,"[16, 22, 53, 62, 63, 71, 75, 106, 122, 125, 128, 168, 174, 230, 233, 242]"
44,sp|P84090|,MSHTILLVQPTKRPEGRTYADYESVNECMEGVCKMYEEHLKRMNPNSPSITYDISQLFDFIDDLADLSCLVYRADTQTYQPYNKDWIKEKIYVLLRRQAQQAGK,"[12, 34, 41, 90]"
45,sp|Q9UMS4|,MSLICSISNEVPEHPCVSPVSNHVYERRLIEKYIAENGTDPINNQPLSEEQLIDIKVAHPIRPKPPSATSIPAILKALQDEWDAVMLHSFTLRQQLQTTRQELSHALYQHDAACRVIARLTKEVTAAREALATLKPQAGLIVPQAVPSSQPSVVGAGEPMDLGELVGMTPEIIQKLQDKATVLTTERKKRGKTVPEELVKPEELSKYRQVASHVGLHSASIPGILALDLCPSDTNKILTGGADKNVVVFDKSSEQILATLKGHTKKVTSVVFHPSQDLVFSASPDATIRIWSVPNASCVQVVRAHESAVTGLSLHATGDYLLSSSDDQYWAFSDIQTGRVLTKVTDETSGCSLTCAQFHPDGLIFGTGTMDSQIKIWDLKERTNVANFPGHSGPITSIAFSENGYYLATAADDSSVKLWDLRKLKNFKTLQLDNNFEVKSLIFDQSGTYLALGGTDVQIYICKQWTEILHFTEHSGLTTGVAFGHHAKFIASTGMDRSLKFYSL,"[32, 64, 122, 135, 175, 179, 188, 189, 192, 244, 251, 261, 265, 266, 375, 380, 417, 423, 425, 428, 439, 488, 500]"
46,sp|O00410-3|,MPEDQVGKLEATENTISAMAAAAAEQQQFYLLLGNLLSPDNVVRKQAEETYENIPGQSKITFLLQAIRNTTAAEEARQMAAVLLRRLLSSAFDEVYPALPSDVQTAIKSELLMIIQMETQSSMRKKVCDIAAELARNLIDEDGNNQWPEGLKFLFDSVSSQNVGLREAALHIFWNFPGIFGNQQQHYLDVIKRMLVQCMQDQEHPSIRTLSARATAAFILANEHNVALFKHFADLLPGFLQAVNDSCYQNDDSVLKSLVEIADTVPKYLRPHLEATLQLSLKLCGDTSLNNMQRQLALEVIVTLSETAAAMLRKHTNIVAQTIPQMLAMMVDLEEDEDWANADELEDDDFDSNAVAGESALDRMACGLGGKLVLPMIKEHIMQMLQNPDWKYRHAGLMALSAIGEGCHQQMEGILNEIVNFVLLFLQDPHPRVRYAACNAVGQMATDFAPGFQKKFHEKVIAALLQTMEDQGNQRVQAHAAAALINFTEDCPKSLLIPYLDNLVKHLHSIMVLKLQELIQKGTKLVLEQVVTSIASVADTAEEKFVPYYDLFMPSLKHIVENAVQKELRLLRGKTIECISLIGLAVGKEKFMQDASDVMQLLLKTQTDFNDMEDDDPQISYMISAWARMCKILGKEFQQYLPVVMGPLMKTASIKPEVALLDTQDMENMSDDDGWEFVNLGDQQSFGIKTAGLEEKSTACQMLVCYAKELKEGFVEYTEQVVKLMVPLLKFYFHDGVRVAAAESMPLLLECARVRGPEYLTQMWHFMCDALIKAIGTEPDSDVLSEIMHSFAKCIEVMGDGCLNNEHFEELGGILKAKLEEHFKNQELRQVKRQDEDYDEQVEESLQDEDDNDVYILTKVSDILHSIFSSYKEKVLPWFEQLLPLIVNLICPHRPWPDRQWGLCIFDDVIEHCSPASFKYAEYFLRPMLQYVCDNSPEVRQAAAYGLGVMAQYGGDNYRPFCTEALPLLVRVIQSADSKTKENVNATENCISAVGKIMKFKPDCVNVEEVLPHWLSWLPLHEDKEEAVQTFNYLCDLIESNHPIVLGPNNTNLPKIFSIIAEGEMHEAIKHEDPCAKRLANVVRQVQTSGGLWTECIAQLSPEQQAAIQELLNSA,"[8, 45, 125, 126, 314, 371, 378, 391, 454, 455, 459, 514, 521, 524, 557, 566, 574, 588, 590, 631, 635, 650, 655, 689, 696, 708, 711, 723, 730, 824, 874, 979, 981, 996, 999, 1001, 1070, 1077]"
47,sp|P08865|,MSGALDVLQMKEEDVLKFLAAGTHLGGTNLDFQMEQYIYKRKSDGIYIINLKRTWEKLLLAARAIVAIENPADVSVISSRNTGQRAVLKFAAATGATPIAGRFTPGTFTNQIQAAFREPRLLVVTDPRADHQPLTEASYVNLPTIALCNTDSPLRYVDIAIPCNNKGAHSVGLMWWMLAREVLRMRGTISREHPWEVMPDLYFYRDPEEIEKEEQAAAEKAVTKEEFQGEWTAPAPEFTATQPEVADWSEGVQVPSVPIQQFPTEDWSAQPATEDWSAAPTAQATEWVGATTDWS,"[11, 17, 52, 57, 89, 212, 220, 224]"
48,sp|Q15691|,MAVNVYSTSVTSDNLSRHDMLAWINESLQLNLTKIEQLCSGAAYCQFMDMLFPGSIALKKVKFQAKLEHEYIQNFKILQAGFKRMGVDKIIPVDKLVKGKFQDNFEFVQWFKKFFDANYDGKDYDPVAARQGQETAVAPSLVAPALNKPKKPLTSSSAAPQRPISTQRTAAAPKAGPGVVRKNPGVGNGDDEAAELMQQVNVLKLTVEDLEKERDFYFGKLRNIELICQENEGENDPVLQRIVDILYATDEGFVIPDEGGPQEEQEEY,"[60, 62, 66, 76, 83, 89, 95, 98, 100, 112, 113, 122, 150, 151, 182, 204, 212, 220]"
49,sp|P40121|,MYTAIPQSGSPFPGSVQDPGLHVWRVEKLKPVPVAQENQGVFFSGDSYLVLHNGPEEVSHLHLWIGQQSSRDEQGACAVLAVHLNTLLGERPVQHREVQGNESDLFMSYFPRGLKYQEGGVESAFHKTSTGAPAAIKKLYQVKGKKNIRATERALNWDSFNTGDCFILDLGQNIFAWCGGKSNILERNKARDLALAIRDSERQGKAQVEIVTDGEEPAEMIQVLGPKPALKEGNPEEDLTADKANAQAAALYKVSDATGQMNLTKVADSSPFALELLISDDCFVLDNGLCGKIYIWKGRKANEKERQAALQVAEGFISRMQYAPNTQVEILPQGHESPIFKQFFKDWK,"[28, 30, 115, 127, 137, 138, 143, 145, 146, 189, 205, 227, 231, 243, 253, 265, 297, 300, 304]"
50,sp|P13010|,MVRSGNKAAVVLCMDVGFTMSNSIPGIESPFEQAKKVITMFVQRQVFAENKDEIALVLFGTDGTDNPLSGGDQYQNITVHRHLMLPDFDLLEDIESKIQPGSQQADFLDALIVSMDVIQHETIGKKFEKRHIEIFTDLSSRFSKSQLDIIIHSLKKCDISLQFFLPFSLGKEDGSGDRGDGPFRLGGHGPSFPLKGITEQQKEGLEIVKMVMISLEGEDGLDEIYSFSESLRKLCVFKKIERHSIHWPCRLTIGSNLSIRIAAYKSILQERVKKTWTVVDAKTLKKEDIQKETVYCLNDDDETEVLKEDIIQGFRYGSDIVPFSKVDEEQMKYKSEGKCFSVLGFCKSSQVQRRFFMGNQVLKVFAARDDEAAAVALSSLIHALDDLDMVAIVRYAYDKRANPQVGVAFPHIKHNYECLVYVQLPFMEDLRQYMFSSLKNSKKYAPTEAQLNAVDALIDSMSLAKKDEKTDTLEDLFPTTKIPNPRFQRLFQCLLHRALHPREPLPPIQQHIWNMLNPPAEVTTKSQIPLSKIKTLFPLIEAKKKDQVTAQEIFQDNHEDGPTAKKLKTEQGGAHFSVSSLAEGSVTSVGSVNPAENFRVLVKQKKASFEEASNQLINHIEQFLDTNETPYFMKSIDCIRAFREEAIKFSEEQRFNNFLKALQEKVEIKQLNHFWEIVVQDGITLITKEEASGSSVTAEEAKKFLAPKDKPSGDTAAVFEEGGDVDDLLDMI,"[7, 35, 36, 51, 129, 155, 156, 171, 195, 202, 209, 239, 265, 273, 274, 282, 285, 286, 291, 325, 332, 334, 338, 347, 363, 399, 439, 442, 443, 465, 466, 469, 532, 534, 543, 544, 545, 566, 568, 603, 605, 606, 660, 665, 669, 702, 703, 708, 710]"
51,sp|Q14247|,MWKASAGHAVSIAQDDAGADDWETDPDFVNDVSEKEQRWGAKTVQGSGHQEHINIHKLRENVFQEHQTLKEKELETGPKASHGYGGKFGVEQDRMDKSAVGHEYQSKLSKHCSQVDSVRGFGGKFGVQMDRVDQSAVGFEYQGKTEKHASQKDYSSGFGGKYGVQADRVDKSAVGFDYQGKTEKHESQRDYSKGFGGKYGIDKDKVDKSAVGFEYQGKTEKHESQKDYVKGFGGKFGVQTDRQDKCALGWDHQEKLQLHESQKDYKTGFGGKFGVQSERQDSAAVGFDYKEKLAKHESQQDYSKGFGGKYGVQKDRMDKNASTFEDVTQVSSAYQKTVPVEAVTSKTSNIRANFENLAKEKEQEDRRKAEAERAQRMAKERQEQEEARRKLEEQARAKTQTPPVSPAPQPTEERLPSSPVYEDAASFKAELSYRGPVSGTEPEPVYSMEAADYREASSQQGLAYATEAVYESAEAPGHYPAEDSTYDEYENDLGITAVALYDYQAAGDDEISFDPDDIITNIEMIDDGWWRGVCKGRYGLFPANYVELRQ,"[3, 42, 72, 79, 87, 97, 107, 110, 124, 144, 147, 152, 161, 171, 181, 184, 193, 198, 203, 205, 208, 218, 221, 226, 230, 235, 245, 255, 263, 266, 272, 292, 295, 304, 309, 314, 319, 346, 368, 398, 428, 535]"
52,sp|Q14204|,MSEPGGGGGEDGSAGLEVSAVQNVADVSVLQKHLRKLVPLLLEDGGEAPAALEAALEEKSALEQMRKFLSDPQVHTVLVERSTLKEDVGDEGEEEKEFISYNINIDIHYGVKSNSLAFIKRTPVIDADKPVSSQLRVLTLSEDSPYETLHSFISNAVAPFFKSYIRESGKADRDGDKMAPSVEKKIAELEMGLLHLQQNIEIPEISLPIHPMITNVAKQCYERGEKPKVTDFGDKVEDPTFLNQLQSGVNRWIREIQKVTKLDRDPASGTALQEISFWLNLERALYRIQEKRESPEVLLTLDILKHGKRFHATVSFDTDTGLKQALETVNDYNPLMKDFPLNDLLSATELDKIRQALVAIFTHLRKIRNTKYPIQRALRLVEAISRDLSSQLLKVLGTRKLMHVAYEEFEKVMVACFEVFQTWDDEYEKLQVLLRDIVKRKREENLKMVWRINPAHRKLQARLDQMRKFRRQHEQLRAVIVRVLRPQVTAVAQQNQGEVPEPQDMKVAEVLFDAADANAIEEVNLAYENVKEVDGLDVSKEGTEAWEAAMKRYDERIDRVETRITARLRDQLGTAKNANEMFRIFSRFNALFVRPHIRGAIREYQTQLIQRVKDDIESLHDKFKVQYPQSQACKMSHVRDLPPVSGSIIWAKQIDRQLTAYMKRVEDVLGKGWENHVEGQKLKQDGDSFRMKLNTQEIFDDWARKVQQRNLGVSGRIFTIESTRVRGRTGNVLKLKVNFLPEIITLSKEVRNLKWLGFRVPLAIVNKAHQANQLYPFAISLIESVRTYERTCEKVEERNTISLLVAGLKKEVQALIAEGIALVWESYKLDPYVQRLAETVFNFQEKVDDLLIIEEKIDLEVRSLETCMYDHKTFSEILNRVQKAVDDLNLHSYSNLPIWVNKLDMEIERILGVRLQAGLRAWTQVLLGQAEDKAEVDMDTDAPQVSHKPGGEPKIKNVVHELRITNQVIYLNPPIEECRYKLYQEMFAWKMVVLSLPRIQSQRYQVGVHYELTEEEKFYRNALTRMPDGPVALEESYSAVMGIVSEVEQYVKVWLQYQCLWDMQAENIYNRLGEDLNKWQALLVQIRKARGTFDNAETKKEFGPVVIDYGKVQSKVNLKYDSWHKEVLSKFGQMLGSNMTEFHSQISKSRQELEQHSVDTASTSDAVTFITYVQSLKRKIKQFEKQVELYRNGQRLLEKQRFQFPPSWLYIDNIEGEWGAFNDIMRRKDSAIQQQVANLQMKIVQEDRAVESRTTDLLTDWEKTKPVTGNLRPEEALQALTIYEGKFGRLKDDREKCAKAKEALELTDTGLLSGSEERVQVALEELQDLKGVWSELSKVWEQIDQMKEQPWVSVQPRKLRQNLDALLNQLKSFPARLRQYASYEFVQRLLKGYMKINMLVIELKSEALKDRHWKQLMKRLHVNWVVSELTLGQIWDVDLQKNEAIVKDVLLVAQGEMALEEFLKQIREVWNTYELDLVNYQNKCRLIRGWDDLFNKVKEHINSVSAMKLSPYYKVFEEDALSWEDKLNRIMALFDVWIDVQRRWVYLEGIFTGSADIKHLLPVETQRFQSISTEFLALMKKVSKSPLVMDVLNIQGVQRSLERLADLLGKIQKALGEYLERERSSFPRFYFVGDEDLLEIIGNSKNVAKLQKHFKKMFAGVSSIILNEDNSVVLGISSREGEEVMFKTPVSITEHPKINEWLTLVEKEMRVTLAKLLAESVTEVEIFGKATSIDPNTYITWIDKYQAQLVVLSAQIAWSENVETALSSMGGGGDAAPLHSVLSNVEVTLNVLADSVLMEQPPLRRRKLEHLITELVHQRDVTRSLIKSKIDNAKSFEWLSQMRFYFDPKQTDVLQQLSIQMANAKFNYGFEYLGVQDKLVQTPLTDRCYLTMTQALEARLGGSPFGPAGTGKTESVKALGHQLGRFVLVFNCDETFDFQAMGRIFVGLCQVGAWGCFDEFNRLEERMLSAVSQQVQCIQEALREHSNPNYDKTSAPITCELLNKQVKVSPDMAIFITMNPGYAGRSNLPDNLKKLFRSLAMTKPDRQLIAQVMLYSQGFRTAEVLANKIVPFFKLCDEQLSSQSHYDFGLRALKSVLVSAGNVKRERIQKIKREKEERGEAVDEGEIAENLPEQEILIQSVCETMVPKLVAEDIPLLFSLLSDVFPGVQYHRGEMTALREELKKVCQEMYLTYGDGEEVGGMWVEKVLQLYQITQINHGLMMVGPSGSGKSMAWRVLLKALERLEGVEGVAHIIDPKAISKDHLYGTLDPNTREWTDGLFTHVLRKIIDSVRGELQKRQWIVFDGDVDPEWVENLNSVLDDNKLLTLPNGERLSLPPNVRIMFEVQDLKYATLATVSRCGMVWFSEDVLSTDMIFNNFLARLRSIPLDEGEDEAQRRRKGKEDEGEEAASPMLQIQRDAATIMQPYFTSNGLVTKALEHAFQLEHIMDLTRLRCLGSLFSMLHQACRNVAQYNANHPDFPMQIEQLERYIQRYLVYAILWSLSGDSRLKMRAELGEYIRRITTVPLPTAPNIPIIDYEVSISGEWSPWQAKVPQIEVETHKVAAPDVVVPTLDTVRHEALLYTWLAEHKPLVLCGPPGSGKTMTLFSALRALPDMEVVGLNFSSATTPELLLKTFDHYCEYRRTPNGVVLAPVQLGKWLVLFCDEINLPDMDKYGTQRVISFIRQMVEHGGFYRTSDQTWVKLERIQFVGACNPPTDPGRKPLSHRFLRHVPVVYVDYPGPASLTQIYGTFNRAMLRLIPSLRTYAEPLTAAMVEFYTMSQERFTQDTQPHYIYSPREMTRWVRGIFEALRPLETLPVEGLIRIWAHEALRLFQDRLVEDEERRWTDENIDTVALKHFPNIDREKAMSRPILYSNWLSKDYIPVDQEELRDYVKARLKVFYEEELDVPLVLFNEVLDHVLRIDRIFRQPQGHLLLIGVSGAGKTTLSRFVAWMNGLSVYQIKVHRKYTGEDFDEDLRTVLRRSGCKNEKIAFIMDESNVLDSGFLERMNTLLANGEVPGLFEGDEYATLMTQCKEGAQKEGLMLDSHEELYKWFTSQVIRNLHVVFTMNPSSEGLKDRAATSPALFNRCVLNWFGDWSTEALYQVGKEFTSKMDLEKPNYIVPDYMPVVYDKLPQPPSHREAIVNSCVFVHQTLHQANARLAKRGGRTMAITPRHYLDFINHYANLFHEKRSELEEQQMHLNVGLRKIKETVDQVEELRRDLRIKSQELEVKNAAANDKLKKMVKDQQEAEKKKVMSQEIQEQLHKQQEVIADKQMSVKEDLDKVEPAVIEAQNAVKSIKKQHLVEVRSMANPPAAVKLALESICLLLGESTTDWKQIRSIIMRENFIPTIVNFSAEEISDAIREKMKKNYMSNPSYNYEIVNRASLACGPMVKWAIAQLNYADMLKRVEPLRNELQKLEDDAKDNQQKANEVEQMIRDLEASIARYKEEYAVLISEAQAIKADLAAVEAKVNRSTALLKSLSAERERWEKTSETFKNQMSTIAGDCLLSAAFIAYAGYFDQQMRQNLFTTWSHHLQQANIQFRTDIARTEYLSNADERLRWQASSLPADDLCTENAIMLKRFNRYPLIIDPSGQATEFIMNEYKDRKITRTSFLDDAFRKNLESALRFGNPLLVQDVESYDPVLNPVLNREVRRTGGRVLITLGDQDIDLSPSFVIFLSTRDPTVEFPPDLCSRVTFVNFTVTRSSLQSQCLNEVLKAERPDVDEKRSDLLKLQGEFQLRLRQLEKSLLQALNEVKGRILDDDTIITTLENLKREAAEVTRKVEETDIVMQEVETVSQQYLPLSTACSSIYFTMESLKQIHFLYQYSLQFFLDIYHNVLYENPNLKGVTDHTQRLSIITKDLFQVAFNRVARGMLHQDHITFAMLLARIKLKGTVGEPTYDAEFQHFLRGNEIVLSAGSTPRIQGLTVEQAEAVVRLSCLPAFKDLIAKVQADEQFGIWLDSSSPEQTVPYLWSEETPATPIGQAIHRLLLIQAFRPDRLLAMAHMFVSTNLGESFMSIMEQPLDLTHIVGTEVKPNTPVLMCSVPGYDASGHVEDLAAEQNTQITSIAIGSAEGFNQADKAINTAVKSGRWVMLKNVHLAPGWLMQLEKKLHSLQPHACFRLFLTMEINPKVPVNLLRAGRIFVFEPPPGVKANMLRTFSSIPVSRICKSPNERARLYFLLAWFHAIIQERLRYAPLGWSKKYEFGESDLRSACDTVDTWLDDTAKGRQNISPDKIPWSALKTLMAQSIYGGRVDNEFDQRLLNTFLERLFTTRSFDSEFKLACKVDGHKDIQMPDGIRREEFVQWVELLPDTQTPSWLGLPNNAERVLLTTQGVDMISKMLKMQMLEDEDDLAYAETEKKTRTDSTSDGRPAWMRTLHTTASNWLHLIPQTLSHLKRTVENIKDPLFRFFEREVKMGAKLLQDVRQDLADVVQVCEGKKKQTNYLRTLINELVKGILPRSWSHYTVPAGMTVIQWVSDFSERIKQLQNISLAAASGGAKELKNIHVCLGGLFVPEAYITATRQYVAQANSWSLEELCLEVNVTTSQGATLDACSFGVTGLKLQGATCNNNKLSLSNAISTALPLTQLRWVKQTNTEKKASVVTLPVYLNFTRADLIFTVDFEIATKEDPRSFYERGVAVLCTE,"[32, 36, 59, 67, 120, 129, 162, 170, 177, 184, 185, 226, 228, 235, 261, 305, 308, 323, 366, 371, 394, 400, 411, 531, 540, 551, 576, 622, 624, 634, 652, 663, 671, 681, 683, 692, 705, 734, 736, 754, 809, 810, 883, 948, 954, 956, 990, 1088, 1099, 1100, 1111, 1115, 1119, 1125, 1130, 1181, 1185, 1228, 1242, 1291, 1296, 1299, 1301, 1338, 1347, 1358, 1391, 1395, 1404, 1441, 1447, 1496, 1498, 1508, 1514, 1526, 1580, 1581, 1584, 1610, 1613, 1652, 1655, 1656, 1687, 1697, 1707, 1715, 1834, 1912, 1917, 2004, 2007, 2033, 2034, 2043, 2068, 2074, 2094, 2183, 2184, 2230, 2239, 2257, 2261, 2297, 2349, 2399, 2401, 2509, 2601, 2856, 2865, 2894, 2898, 2943, 2962, 2966, 2986, 2989, 3034, 3039, 3076, 3107, 3112, 3117, 3225, 3232, 3241, 3242, 3274, 3279, 3284, 3297, 3300, 3301, 3366, 3368, 3369, 3394, 3407, 3418, 3424, 3429, 3462, 3471, 3480, 3491, 3497, 3608, 3621, 3727, 3757, 3783, 3861, 3891, 3893, 3945, 3950, 4082, 4089, 4097, 4112, 4154, 4171, 4204, 4237, 4244, 4283, 4287, 4292, 4342, 4345, 4363, 4406, 4418, 4422, 4441, 4442, 4443, 4487, 4502, 4505, 4564, 4574, 4594, 4600, 4601]"
53,sp|P42167|,MPEFLEDPSVLTKDKLKSELVANNVTLPAGEQRKDVYVQLYLQHLTARNRPPLPAGTNSKGPPDFSSDEEREPTPVLGSGAAAAGRSRAAVGRKATKKTDKPRQEDKDDLDVTELTNEDLLDQLVKYGVNPGPIVGTTRKLYEKKLLKLREQGTESRSSTPLPTISSSAENTRQNGSNDSDRYSDNEEDSKIELKLEKREPLKGRAKTPVTLKQRRVEHNQSYSQAGITETEWTSGSSKGGPLQALTRESTRGSRRTPRKRVETSEHFRIDGPVISESTPIAETIMASSNESLVVNRVTGNFKHASPILPITEFSDIPRRAPKKPLTRAEVGEKTEERRVERDILKEMFPYEASTPTGISASCRRPIKGAAGRPLELSDFRMEESFSSKYVPKYVPLADVKSEKTKKGRSIPVWIKILLFVVVAVFLFLVYQAMETNQVNPFSNFLHVDPRKSN,"[13, 15, 17, 346, 368, 389, 393, 401, 404, 406, 407]"
54,sp|Q99829|,MAHCVTLVQLSISCDHLIDKDIGSKSDPLCVLLQDVGGGSWAELGRTERVRNCSSPEFSKTLQLEYRFETVQKLRFGIYDIDNKTPELRDDDFLGGAECSLGQIVSSQVLTLPLMLKPGKPAGRGTITVSAQELKDNRVVTMEVEARNLDKKDFLGKSDPFLEFFRQGDGKWHLVYRSEVIKNNLNPTWKRFSVPVQHFCGGNPSTPIQVQCSDYDSDGSHDLIGTFHTSLAQLQAVPAEFECIHPEKQQKKKSYKNSGTIRVKICRVETEYSFLDYVMGGCQINFTVGVDFTGSNGDPSSPDSLHYLSPTGVNEYLMALWSVGSVVQDYDSDKLFPAFGFGAQVPPDWQVSHEFALNFNPSNPYCAGIQGIVDAYRQALPQVRLYGPTNFAPIINHVARFAAQAAHQGTASQYFMLLLLTDGAVTDVEATREAVVRASNLPMSVIIVGVGGADFEAMEQLDADGGPLHTRSGQAAARDIVQFVPYRRFQNAPREALAQTVLAEVPTQLVSYFRAQGWAPLKPLPPSAKDPAQAPQA,"[25, 73, 84, 120, 135, 151, 152, 157, 171, 182, 190, 522, 529]"
55,sp|P05204|,MPKRKAEGDAKGDKAKVKDEPQRRSARLSAKPAPPKPEPKPKKAPAKKGEKVPKGKKGKADAGKEGNNPAENGDAKTDQAQKAEGAGDAK,"[64, 76, 82, 90]"
56,sp|P62280|,MADIQTERAYQKQPTIFQNKKRVLLGETGKEKLPRYYKNIGLGFKTPKEAIEGTYIDKKCPFTGNVSIRGRILSGVVTKMKMQRTIVIRRDYLHYIRKYNRFEKRHKNMSVHLSPCFRDVQIGDIVTVGECRPLSKTVRFNVLKVTKAAGTKKQFQKF,"[12, 20, 21, 30, 38, 45, 48, 58, 59, 79, 81, 107, 136, 144]"
57,sp|P34932|,MSVVGIDLGFQSCYVAVARAGGIETIANEYSDRCTPACISFGPKNRSIGAAAKSQVISNAKNTVQGFKRFHGRAFSDPFVEAEKSNLAYDIVQLPTGLTGIKVTYMEEERNFTTEQVTAMLLSKLKETAESVLKKPVVDCVVSVPCFYTDAERRSVMDATQIAGLNCLRLMNETTAVALAYGIYKQDLPALEEKPRNVVFVDMGHSAYQVSVCAFNRGKLKVLATAFDTTLGGRKFDEVLVNHFCEEFGKKYKLDIKSKIRALLRLSQECEKLKKLMSANASDLPLSIECFMNDVDVSGTMNRGKFLEMCNDLLARVEPPLRSVLEQTKLKKEDIYAVEIVGGATRIPAVKEKISKFFGKELSTTLNADEAVTRGCALQCAILSPAFKVREFSITDVVPYPISLRWNSPAEEGSSDCEVFSKNHAAPFSKVLTFYRKEPFTLEAYYSSPQDLPYPDPAIAQFSVQKVTPQSDGSSSKVKVKVRVNVHGIFSVSSASLVEVHKSEENEEPMETDQNAKEEEKMQVDQEEPHVEEQQQQTPAENKAESEEMETSQAGSKDKKMDQPPQAKKAKVKTSTVDLPIENQLLWQIDREMLNLYIENEGKMIMQDKLEKERNDAKNAVEEYVYEMRDKLSGEYEKFVSEDDRNSFTLKLEDTENWLYEDGEDQPKQVYVDKLAELKNLGQPIKIRFQESEERPKLFEELGKQIQQYMKIISSFKNKEDQYDHLDAADMTKVEKSTNEAMEWMNNKLNLQNKQSLTMDPVVKSKEIEAKIKELTSTCSPIISKPKPKVEPPKEEQKNAEQNGPVDGQGDNPGPQAAEQGTDTAVPSDSDKKLPEMDID,"[53, 61, 68, 124, 126, 134, 135, 194, 219, 221, 235, 275, 305, 329, 331, 332, 351, 353, 356, 360, 430, 437, 477, 479, 481, 557, 559, 560, 568, 569, 603, 609, 612, 618, 631, 638, 674, 679, 704, 711, 717, 719, 733, 736, 748, 754, 764, 766, 771, 773, 832, 833]"
58,sp|Q14980|,MTLHATRGAALLSWVNSLHVADPVEAVLQLQDCSIFIKIIDRIHGTEEGQQILKQPVSERLDFVCSFLQKNRKHPSSPECLVSAQKVLEGSELELAKMTMLLLYHSTMSSKSPRDWEQFEYKIQAELAVILKFVLDHEDGLNLNEDLENFLQKAPVPSTCSSTFPEELSPPSHQAKREIRFLELQKVASSSSGNNFLSGSPASPMGDILQTPQFQMRRLKKQLADERSNRDELELELAENRKLLTEKDAQIAMMQQRIDRLALLNEKQAASPLEPKELEELRDKNESLTMRLHETLKQCQDLKTEKSQMDRKINQLSEENGDLSFKLREFASHLQQLQDALNELTEEHSKATQEWLEKQAQLEKELSAALQDKKCLEEKNEILQGKLSQLEEHLSQLQDNPPQEKGEVLGDVLQLETLKQEAATLAANNTQLQARVEMLETERGQQEAKLLAERGHFEEEKQQLSSLITDLQSSISNLSQAKEELEQASQAHGARLTAQVASLTSELTTLNATIQQQDQELAGLKQQAKEKQAQLAQTLQQQEQASQGLRHQVEQLSSSLKQKEQQLKEVAEKQEATRQDHAQQLATAAEEREASLRERDAALKQLEALEKEKAAKLEILQQQLQVANEARDSAQTSVTQAQREKAELSRKVEELQACVETARQEQHEAQAQVAELELQLRSEQQKATEKERVAQEKDQLQEQLQALKESLKVTKGSLEEEKRRAADALEEQQRCISELKAETRSLVEQHKRERKELEEERAGRKGLEARLQQLGEAHQAETEVLRRELAEAMAAQHTAESECEQLVKEVAAWRERYEDSQQEEAQYGAMFQEQLMTLKEECEKARQELQEAKEKVAGIESHSELQISRQQNELAELHANLARALQQVQEKEVRAQKLADDLSTLQEKMAATSKEVARLETLVRKAGEQQETASRELVKEPARAGDRQPEWLEEQQGRQFCSTQAALQAMEREAEQMGNELERLRAALMESQGQQQEERGQQEREVARLTQERGRAQADLALEKAARAELEMRLQNALNEQRVEFATLQEALAHALTEKEGKDQELAKLRGLEAAQIKELEELRQTVKQLKEQLAKKEKEHASGSGAQSEAAGRTEPTGPKLEALRAEVSKLEQQCQKQQEQADSLERSLEAERASRAERDSALETLQGQLEEKAQELGHSQSALASAQRELAAFRTKVQDHSKAEDEWKAQVARGRQEAERKNSLISSLEEEVSILNRQVLEKEGESKELKRLVMAESEKSQKLEERLRLLQAETASNSARAAERSSALREEVQSLREEAEKQRVASENLRQELTSQAERAEELGQELKAWQEKFFQKEQALSTLQLEHTSTQALVSELLPAKHLCQQLQAEQAAAEKRHREELEQSKQAAGGLRAELLRAQRELGELIPLRQKVAEQERTAQQLRAEKASYAEQLSMLKKAHGLLAEENRGLGERANLGRQFLEVELDQAREKYVQELAAVRADAETRLAEVQREAQSTARELEVMTAKYEGAKVKVLEERQRFQEERQKLTAQVEQLEVFQREQTKQVEELSKKLADSDQASKVQQQKLKAVQAQGGESQQEAQRLQAQLNELQAQLSQKEQAAEHYKLQMEKAKTHYDAKKQQNQELQEQLRSLEQLQKENKELRAEAERLGHELQQAGLKTKEAEQTCRHLTAQVRSLEAQVAHADQQLRDLGKFQVATDALKSREPQAKPQLDLSIDSLDLSCEEGTPLSITSKLPRTQPDGTSVPGEPASPISQRLPPKVESLESLYFTPIPARSQAPLESSLDSLGDVFLDSGRKTRSARRRTTQIINITMTKKLDVEEPDSANSSFYSTRSAPASQASLRATSSTQSLARLGSPDYGNSALLSLPGYRPTTRSSARRSQAGVSSGAPPGRNSFYMGTCQDEPEQLDDWNRIAELQQRNRVCPPHLKTCYPLESRPSLSLGTITDEEMKTGDPQETLRRASMQPIQIAEGTGITTRQQRKRVSLEPHQGPGTPESKKATSCFPRPMTPRDRHEGRKQSTTEAQKKAAPASTKQADRRQSMAFSILNTPKKLGNSLLRRGASKKALSKASPNTRSGTRRSPRIATTTASAATAAAIGATPRAKGKAKH,"[73, 86, 97, 122, 186, 242, 247, 267, 276, 312, 358, 374, 379, 419, 531, 568, 613, 616, 651, 708, 715, 853, 855, 891, 897, 908, 914, 925, 1024, 1062, 1068, 1078, 1121, 1131, 1138, 1198, 1204, 1249, 1335, 1339, 1389, 1430, 1441, 1442, 1475, 1511, 1516, 1518, 1557, 1566, 1573, 1611, 1616, 1618, 1667, 1699, 1708, 1715, 1822, 2040]"
59,sp|Q9UHV9|,MAENSGRAGKSSGSGAGKGAVSAEQVIAGFNRLRQEQRGLASKAAELEMELNEHSLVIDTLKEVDETRKCYRMVGGVLVERTVKEVLPALENNKEQIQKIIETLTQQLQAKGKELNEFREKHNIRLMGEDEKPAAKENSEGAGAKASSAGVLVS,"[10, 18, 43, 69, 84, 94, 99, 111, 121, 132, 136, 145]"
60,sp|Q9NR31|,MSFIFEWIYNGFSSVLQFLGLYKKSGKLVFLGLDNAGKTTLLHMLKDDRLGQHVPTLHPTSEELTIAGMTFTTFDLGGHEQARRVWKNYLPAINGIVFLVDCADHSRLVESKVELNALMTDETISNVPILILGNKIDRTDAISEEKLREIFGLYGQTTGKGNVTLKELNARPMEVFMCSVLKRQGYGEGFRWLSQYID,"[23, 24, 27, 38, 46, 87, 146, 160, 166, 182]"
61,tr|A2AQN4|,MGLPEERRKSGSGSRAREETGAEGRVRGWSPPPEVRRSAHVPSLQRYRELHRRSVEEPREFWGNIAKEFYWKTACPGPFLQYNFDVTKGKIFTEWMKGATTNICYNVLDRNVHEKKLGDKVAFYWEGNEPGETTKITYRELLVQVCQFSNVLRKQGIQKGDRVAIYMPMILELVVAMLACARLGALHSIVFAGFSAESLCERILDSSCCLLITTDAFYRGEKLVNLKELADESLEKCREKGFPVRCCIVVKHLGRAELGMNDSPSQSPPVKRPCPDVQGKLREKSKCIRPQICWNEGVDLWWHELMQQAGDECEPEWCDAEDPLFILYTSGSTGKPKGVVHTIGGYMLYVATTFKYVFDFHPEDVFWCTADIGWITGHSYVTYGPLANGATSVLFEGIPTYPDEGRLWSIVDKYKVTKFYTAPTAIRMLMKFGDDPVTKHSRASLQVLGTVGEPINPEAWLWYHRVVGSQRCPIVDTFWQTETGGHMLTPLPGATPMKPGSASFPFFGVAPAILNESGEELEGEAEGYLVFKQPWPGIMRTVYGNHTRFETTYFKKFPGYYVTGDGCRRDQDGYYWITGRIDDMLNVSGHLLSTAEVESALVEHEAVAEAAVVGHPHPVKGECLYCFVTLCDGHTFSPTLTEELKKQIREKIGPIATPDYIQNAPGLPKTRSGKIMRRVLRKIAQNDHDLGDTSTVADPSVINHLFSHRCLTTQ,"[67, 72, 88, 90, 97, 116, 120, 154, 159, 227, 236, 240, 251, 335, 337, 413, 415, 418, 431, 439, 555, 556, 651]"
62,sp|Q9DBE0|,MADSKPLRTLDGDPVAVEALLQDVFGIVVDEAILKGTSASEKVCEWKEPEELKQLLDLELQSQGESREQILERCRTVIHYSVKTGHPRFFNQLFSGLDPHALAGRIITESLNTSQYTYEIAPVFVLMEEEVLKKLRALVGWNSGDGVFCPGGSISNMYAMNLARFQRYPDCKQRGLRALPPLALFTSKECHYSITKGAAFLGLGTDSVRVVKADERGRMIPEDLERQIILAEAEGSVPFLVSATSGTTVLGAFDPLDAIADVCQRHGLWFHVDAAWGGSVLLSRTHRHLLDGIQRADSVAWNPHKLLAAGLQCSALLLRDTSNLLKRCHGSQASYLFQQDKFYDVALDTGDKVVQCGRRVDCLKLWLMWKAQGGQGLERRIDQAFALTRYLVEEIKKREGFELVMEPEFVNVCFWFVPPSLRGKKESPDYSQRLSQVAPVLKERMVKKGTMMIGYQPHGTRANFFRMVVANPILAQADIDFLLGELELLGQDL,"[5, 35, 42, 47, 133, 134, 172, 188, 196, 212, 341, 352, 364, 370, 397, 424, 425, 442, 447, 448]"
63,sp|Q9D379|,MWLELILASVLGFVIYWFVSRDKEETLPLEDGWWGPGSKPSAKEDESIRPFKVETSDEEIKDLHQRIDRFRASPPLEGSRFHYGFNSSYLKKVVSFWRNEFDWRKQVEILNQYPHFKTKIEGLDIHFIHVKPPQLPSGRTPKPLLMVHGWPGSFYEFYKIIPLLTDPKTHGLSDEHVFEVICPSIPGYGFSEASSKKGLNSVATARIFYKLMSRLGFQKFYIQGGDWGSLICTNIAQMVPNHVKGLHLNMSFISRNIYSLTPLLGQRFGRFLGYTEKDLELLYPFKEKVFYNIMRESGYLHIQATKPDTVGCALNDSPVGLAAYILEKFSTWTKSEYRELEDGGLERKFSLEDLLTNIMIYWTTGTIVSSQRFYKENLGQGVMVHRHEGMKVFVPTGYSAFPSEILHAPEKWVKVKYPKLISYSYMERGGHFAAFEEPKLLAQDIRKFVSLAELQ,"[43, 92, 117, 119, 142, 196, 197, 210, 219, 277, 286, 288, 334, 375, 391, 414, 416, 419, 439, 447]"
64,sp|Q91W43|,MQLCARAWGLRLGRGAGGGHRLARGTGLSWAQRSRDSSGGGGGGGGGDRGAAGASRLLERLLPRHDDFSRRHIGPGDKDRREMLQALGLASIDELIEKTVPASIRLKRPLKMEDPICENEILETLHAIASKNQIWRSYIGMGYYNCSVPQTILRNLLENSGWVTQYTPYQPEVSQGRLESLLNYQTMVSDITGLDMANASLLDEATAAAEAMQLCHRHNKRKKFFVDPRCHPQTIAVVQTRAKYRGVLVELKLPHEMDFSGKDVCGVLFQYPDTEGKVEDFTELVDRAHQTGSLTCCATDLLALCILRPPGEFGVDIALGNSQRFGVPLGYGGPHAAFFAVKENLVRMMPGRMVGVTRDATGKEVYRLALQTREQHIRRDKATSNICTAQALLANMAAMFAIYHGSQGLKHIAKRVHNATLILSEGLKRAGHQLQHDLFFDTLKVQCGCSVKEVLGRAAQRQINFRLFDDGTLGISLDETVTEKDLDDLLWIFGCESSAELVAEGMGEERRGLLGSSFKRTSPFLTHQVFNSYHSETNLVRYMKKLENKDISLVHSMIPLGSCTMKLNSSSELAPITWREFANIHPFVPLDQAQGYQQLFQGLEKDLCEITGYDRVSFQPNSGAQGEYAGLATIRAYLDQKGERHRTVCLIPKSAHGTNPASAHMAGMKIQPVEVDRYGNIDVAHLKAMVDQHKENLAAIMITYPSTNGVFEENIGDVCALIHQHGGQVYLDGANMNAQVGICRPGDFGSDVSHLNLHKTFCIPHGGGGPGMGPIGVKKHLSPFLPSHPVISIKPTEGTWPVGTVSAAPWGSSSILPISWAYIKMMGGKGLKEATEIAILNANYMAKRLEKHYRVLFRGARGYVAHEFILDTRPFKKSANVEAVDVAKRLQDYGFHAPTMSWPVAGTLMIEPTESEDKAELDRFCDAMISIRQEIADIEEGRIDPRVNPLKMSPHSLTCVTSSCWDRPYSREVAAFPLPFVKPENKFWPTIARIDDIYGDQHLVCTCPPMEVYESPFSEQKRASS,"[78, 107, 111, 252, 262, 342, 363, 410, 414, 452, 519, 545, 549, 641, 653, 669, 687, 694, 778, 779, 824, 829, 832, 847, 851, 876, 877, 888, 982, 986]"
65,tr|F2Z456|,MKLFQRSTPAITLENPDIKYPLRLIDKEVISPDTRRFRFALPSPQHILGLPIGQHIYLSTRIDGNLVIRPYTPVSSDDDKGFVDLVVKVYFKDTHPKFPAGGKMSQYLENMKIGDTIEFRGPNGLLVYQGKGKFAIRADKKSNPVVRTVKSVGMIAGGTGITPMLQVIRAVLKDPNDHTVCYLLFANQSEKDILLRPELEELRNEHSARFKLWYTVDKAPDGEHGKPLVEQEAAHAVLVACSWLWRNQTSEGKCPQPTAREQQSQGGDPRPCFLVSHTAPGWQRSPLISLGLAHFGAGLGAVLRVGWLLLCSW,"[27, 80, 88, 92, 97, 103, 112, 131, 133, 140, 141, 150, 218, 226]"
66,tr|E9QPA6|,MAAVKTLNPKAEVARAQAALAVNISAARGLQDVLRTNLGPKGTMKMLVSGAGDIKLTKDGNVLLHEMQIQHPTASLIAKVATAQDDITGDGTTSNVLIIGELLKQADLYISEGLHPRIITEGFEAAKEKALQFLEQVKVSKEMDRETLIDVARTSLRTKVHAELADVLTEAVVDSILAIRKKDEPIDLFMVEIMEMKHKSETDTSLIRGLVLDHGARHPDMKKRVENAYILTCNVSLEYEKTEVNSGFFYKSAEEREKLVKAERKFIEDRVKKIIELKKKVCGDSDKGFVVINQKGIDPFSLDALAKEGIVALRRAKRRNMERLTLACGGIALNSFDDLNPDCLGHAELVYEYTLGEEKFTFIEKCNNPRSVTLLVKGPNKHTLTQIKDAIRDGLRAVKNAIDDGCILWNSGPLEEQSVLLIAEPSPQPPGNFLKLEILFIYSGLTLNSQVLAQNSGFDLQETLVKVQAEHSESGQLVGVDLSTGEPMVAAEMGVWDNYCVKKQLLHSCTVIATNILLVDEIMRAGMSSLKG,"[5, 10, 41, 45, 55, 58, 127, 129, 138, 141, 159, 181, 182, 197, 199, 222, 223, 251, 258, 261, 295, 307, 317, 365, 377, 381, 388, 399, 502, 503, 531]"
67,sp|P11679|,MSIRVTQKSYKMSTSGPRAFSSRSFTSGPGARISSSSFSRVGSSSSSFRGSMGTGVGLGGFGGAGVGGITAVTVNQSLLSPLKLEVDPNIQAVRTQEKEQIKSLNNKFASFIDKVRFLEQQNKMLETKWSLLQQQKTSRSNMDNMFESYINNLRRQLEALGQEKLKLEAELGNMQGLVEDFKNKYEDEINKRTEMENEFVLIKKDVDEAYMNKVELESRLEGLTDEINFLRQIHEEEIRELQSQISDTSVVLSMDNSRSLDMDGIIAEVRAQYEDIANRSRAEAETMYQIKYEELQTLAGKHGDDLRRTKTEISEMNRNINRLQAEIEALKGQRASLEAAIADAEQRGEMAIKDAQTKLAELEAALQRAKQDMARQLREYQELMNVKLALDIEITTYRKLLEGEESRLESGMQNMSIHTKTTSGYSGGLSSSYGGLTSPGFSYGMSSFQPGFGSAGGSNTFSRTTKAVVVKKIETRDGKLVSESSDVVSK,"[8, 11, 102, 107, 114, 123, 136, 164, 166, 182, 184, 191, 203, 204, 213, 301, 310, 331, 353, 358, 370, 387, 399, 420, 466, 471, 472, 479]"
68,sp|P15105|,MATSASSHLNKGIKQMYMSLPQGEKVQAMYIWVDGTGEGLRCKTRTLDCEPKCVEELPEWNFDGSSTFQSEGSNSDMYLHPVAMFRDPFRKDPNKLVLCEVFKYNRKPAETNLRHICKRIMDMVSNQHPWFGMEQEYTLMGTDGHPFGWPSNGFPGPQGPYYCGVGADKAYGRDIVEAHYRACLYAGVKITGTNAEVMPAQWEFQIGPCEGIRMGDHLWIARFILHRVCEDFGVIATFDPKPIPGNWNGAGCHTNFSTKAMREENGLKCIEEAIDKLSKRHQYHIRAYDPKGGLDNARRLTGFHETSNINDFSAGVANRGASIRIPRTVGQEKKGYFEDRRPSANCDPYAVTEAIVRTCLLNETGDEPFQYKN,"[11, 14, 25, 43, 52, 91, 95, 103, 107, 118, 169, 268, 276, 279, 334]"
69,sp|Q99N92|,MAAAALTLRTRAAVTALLSPTAPTALAVRHASKKTGGSSKNLGGKSRGKHYGIKKMEGHYVHAGNILGTQRQFRWHPGAHVGLGRNKCLYALEEGIVRYTKDVYVPNPKNTEAVDLVTSLPKGAVLYKTFVHVVPAKPEGTFKLVDML,"[33, 34, 54, 55, 87, 101, 109, 122, 128, 137, 143]"
70,sp|Q99PG0|,MGKTISLLISVVLVAYYLYIPLPDAIEEPWKVVWETAFVKIGTDLASFGELLGISHFMETIQLLMSFQEVPPTSDEHVTVMETAFDSVPVRIYIPKRKSMALRRGLFYIHGGGWCLGSAAHFSYDTLSRWTAHKLDAVVVSTDYGLAPKHHFPRQFEDVYRSLRWFLQEDVLEKYGVDPRRVGVSGDSAGGNLAAAVTQQLIQDPDVKIKLKVQALIYPALQALDTNVPSQQEGSHFPVLTRSLMVRFWSEYFTTDRGLEKAMLLNQHVPMESSHLLQFVNWSSLLPERYKKSPVYKNPTPGSSELAQKYPGFIDVKACPLLANDNILHHLPKTYIITCQYDVLRDDGLMYVKRLQNVGVHVTHHHVEDGFHGTFSFPGLKLSERMKNQYLSWLIKNL,"[3, 40, 96, 98, 208, 210, 212, 261, 292, 297, 309, 317, 353, 387]"
71,sp|Q9CZ42|,MAVHACGAAAAVVALLSAAIALQWSPLYAVLQRALSLHTAHATKDMENLFQLVRNIVPALTSKKHKGQDGRIGIVGGCQEYTGAPYFAGISALKVGADLTHVFCAREAAPVIKSYSPELIVHPVLDSSNAVEEVEKWLPRLHALVVGPGLGRDDLLLNNVRGILESTKARDIPVVIDADGLWLVAQQPALIHSYHKAILTPNHVEFSRLWEAVLSSPMDSNDLKGSTLKLSQALGNITVVQKGEQDLISNGQQVLVCNQEGSSRRCGGQGDLLSGSLGVMVHWALRAGPEKTNGSSPLLVAAWGACTLTRECNRQAFQKYGRSTTTTDMITEVGTAFSRLFTT,"[63, 64, 66, 168, 224, 229, 242, 291, 319]"
72,sp|Q9D6J6|,MFSLALRARATGLAAQWGRHARNLHKTAVHNGAGGALFVHRDTPENNPDTPFDFTPENYKRIEAIVKNYPEGHQAAAVLPVLDLAQRQNGWLPISAMNKVAEVLQVPPMRVYEVATFYTMYNRKPVGKYHIQVCTTTPCMLRDSDSILETLQRKLGIKVGETTPDKLFTLIEVECLGACVNAPMVQINDNYYEDLTPKDIEEIIDELKAGKVPKPGPRSGRFCCEPAGGLTSLTEPPKGPGFGVQAGL,"[26, 67, 99, 124, 128, 154, 158, 166, 208, 211, 214]"
73,sp|Q9DCJ5|,MPGIVELPTLEELKVEEVKVSSAVLKAAAHHYGAQCDKTNKEFMLCRWEEKDPRRCLKEGKLVNGCALNFFRQIKSHCAEPFTEYWTCLDYSNMQLFRHCRQQQAKFDQCVLDKLGWVRPDLGQLSKVTKVKTDRPLPENPYHSRARPEPNPVIEGDLKPAKHGTRFFFWTV,"[14, 19, 26, 38, 41, 58, 106, 114, 127, 130, 132, 159, 162]"
74,sp|Q9DCS9|,MPDSWDKDVYPEPPSRTPAPSPQTSLPNPITYLTKAYDLVVDWPVTLVREFIERQHAKNRTYYYHRQYRRVPDITECKEGDVLCIYEAEMQWRRDFKVDQEIMNIIQERLKACQQREGENYQQNCAKELEQFTKVTKAYQDRYLDLGAYYSARKCLAKQKQRMLEERKAARQEAAA,"[7, 134, 137]"
75,sp|Q9ERS2|,MAASKVKQDMPPPGGYGPIDYKRNLPRRGLSGYSMFAVGIGALIFGYWRMMRWNQERRRLLIEDLEARIALMPLFQAEKDRRTLQILRENLEEEAIIMKDVPNWKVGESVFHTTRWVPPLIGEMYGLRTKEEMSNANFGFTWYT,"[5, 7, 105, 130]"
76,sp|Q9JIA6|,MAAWRPPRVEELLAEARRAFMEEFGAEPELAVSAPGRVNLIGEHTDYNQGLVLPMALELVTVMVGSPRTDGLVSLLTTSKDADEPQRLQFPLPSAQWSLEPGIPQWANYVKGVIQHYPASPLVGFSAVVVSSVPLGGGLSSSASLEVATYTFIQQLCPDSGAIAARAQVCQRAEHSFAGVPCGIMDQLIALLGQKGYALLIDCRSLETSLVPLSDPKLAVLITNSNVRHSLGSSEYPVRRRQCEEVAQALGKESLREVRMEELEAGRELMSKEGFRRARHVVSEIRRTAQAAAAMSRGDYKAFGRLMVESHYSLRDDYEVSCPELDQLVEAALSVPGVYGSRMTGGGFGGCTVTLLEASVAPLVIDHIQEQYSGTATFYLSQAADGAQVLSL,"[252, 301]"
77,sp|Q3U2P1|,MAQPRIPAARGAAASLQAQNGAASASGSPYTNGPVHNTLMSPQVSSSQGYDSQPPGSYPRPMPAKTLNPFSAQSNYGGSQGSGQTLNSPLVTSGPVLPSLHSGPVPRMPLPTSQNPAATPMPSGSFLPGANPPPPLNWQYNYPSTGPQTNHFPHVAPPTLPGNPNLTADHQYVSSGDPALQTSFKKPGSALPLQNPPLPPTFQPGAPPGPPPAGGPPPSRGPAPQKTPPRAAPPPSFNSAVNQEGITSNANNGSTAAHNTYDEIEGGGFLATPQLVNQNPKTSRSVGSAYPSLPPGYQNSAPPVAGMPPPSLSYPSGPQAFTQTPLGANHLTASMSGLSLHPEGLRVVNLLQERNMLPSTPLQPPVPNLLEDIQKLNCNPELFRCTLTSVPQTQALLNKAKLPLGLLLHPFKDLVQLPVVTSSTIVRCRSCRTYINPFVNFLDQRRWKCNLCYRVNDVPEEFMYNPLTRVYGEPHKRPEVQNATIEFMAPSEYMLRPPQPPVYLFVFDVSHNAIETGYLNSVCQSLLDNLDLLPGNTRTKIGFITFDSTIHFYSLQEGLSQPQMLIVSDIDDVFIPMPENLLVNLNESKELVQDLLKTLPQMFTKTLETQSALGPALQAAFKLISPTGGRMSVFQTQLPTLGVGALKPREEPNQRSSAKEIHLTPSTDFYKKLALDCSGQQAAVDLFLLSGQYSDLASLGCISRYSAGSVYYYPSYHHQHNPVQVQKLQKELHRYLTRKIGFEAVMRIRCTKGLSIHTFHGNFFVRSTDLLSLPNVNPDAGYAVQMSVEESLTDTQLVSFQSALLYTSSKGERRIRVHTLCLPVVSTLNEVFLGADVQAISGLLANMAVDRSVTASLSDARDALVNAVIDSLSAYRSSVLSGQQPGLMVPFSLRLFPLFVLALLKQKSFQTGTSIRLDERIFAMCQVKSQPLVHLMLTTHPSLYRVDNLSDEGALNINDRTIPQPPILQLSVEKLSRDGAFLMDAGSLLMLWVGRNCSQNFLSQVLGVQNYASIPQTMTDLPELDTPESARIAAFISWLREQRPFFPVLYVIREESLMKAAFLQSLVEDRTESALSYYEFLLHIQQQVNK,"[186, 399, 401, 412, 597, 605, 622, 671, 672, 739, 752, 905, 907]"
78,tr|Q3U505|,HGRRLGAVPLPYGAGAWARALSGSSVWRRLRAGSSAVFLLALTITASVQALTPTHYLTKQDVERLKASLDRPFTDLESAFYSIVGLSSLGVQVPDVKKACTFIKSNLDPSNVDSLFYAAQSSQVLSGCEISVSNETKELLLAAVSEDSPIAQIYHAVAALSGFGLPLASNEALGALTARLGKEETVLATVQALQTASHLSQQADLRNIVEEIEDLVARLDELGGVYLQFEEGLELTALFVAATYKLMDHVGTEPSMKEDQVIQLMNTIFSKKNFESLSEAFSVASAAAALSQNRYHVPVVVVPEGSTSDTQEQAILRLQVSNVLSQPLAQAAVKLEHAKSAATRATVLQKTPFSLVGNVFELNFKNVKLSSGYYDFSVRVEGDSRYIANTVELRVKISTEVGITNVDLSTVDKDQSIAPKTTRVTYPAKAKGTFIADSHQNFALFFQLVDVNTGAELTPHQTFVRLHNQKTGQEVVFVAEPDNKNVYKFELDTSERKIEFDSASGTYTLYLIIGDATLKNPILWNVADVVIKFPEEEAPSTVLSQSLFTPKQEIQHLFREPEKRPPTVVSNTFTALILSPLLLLFALWIRIGANVSNFTFAPSTVIFHLGHAAMLGLMYIYWTQLNMFQTLKYLAVLGTVTFLAGNRMLAQHAVKRTAH,"[66, 97, 98, 104, 182, 245, 257, 271, 272, 334, 339, 350, 365, 368, 396, 420, 429, 431, 484, 488, 497, 655]"
79,tr|Q3ULU4|,MWWVRRTRYWFSTLLYAGGARLRPGRRTASGGLETPGSCGAELQGELDRFGGVSVHLSRHHTLHGLDAAAFRRLLQAAIQQWRSEGRIAAWLHIPILQSHFIAPAASLGFCFHHAKPHSSTLTLWLGEGPSRLPGYATHQVGVAGAVFDVSTRKVLVVQDRNKLKNMWKFPGGLSEPGEDIADTAVREVFEETGVKSEFRSLLSIRQQHRSPGAFGMSDMYLVCRLQPRSFTINFCQQECLKCEWIDLENLARTKHTTPITSRVARLLLYGLREGFDKIDLSMEELPAVYTGLFYKLYHRELPESYKAATGAD,"[154, 163, 165, 169, 278, 307]"
80,sp|A2ALM8|,MSLQWTTVATFLYAEVFAVLLLCIPFISPKRWQKVFKSRLVELVVTYGNTFFVVLIVILVLLVIDAVREILKYDDVTEKVNLQNNPGAMEHFHMKLFRAQRNLYIAGFSLLLSFLLRRLVTLISQQATLLASNEAFKKQAESASEAAKKYMEENDQLKKGAAEDGDKLDIGNTEMKLEENKSLKNDLRKLKDELASTKKKLEKAENEALAMQKQSEGLTKEYDRLLEEHAKLQASVRGPSVKKEE,"[34, 37, 72, 79, 137, 138, 148, 149, 158, 159, 167, 176, 184, 220, 231]"
81,sp|P51855|,MATSWGSILQDEKQLEELAKQAIDRALAEGVLLRSAQHPSSSDVVTYAPFTLFPSPVPSALLEQAYAVQMDFNILVDAVSQNPAFLEQTLSSTIKKDDYTARLFDIYKQVLKEGIAQTVFLGLNRSDYMFQCGADGSKALKQIEINTISASFGGLASRTPAVHRHVLNVLNKTKEASKILSNNPSKGLALGIAKAWELYGSANAVVLLIAQEKERNIFDQRAVENELLDRKIHVIRGRFEDVSERGSLDQNRRLFMDDQEVAVVYFRDGYMPSQYNSQNWEARLMLERSRAAKCPDIAIQLAGTKKVQQELSRVGLLEALLPGQPEAVARLRATFAGLYSLDMGEEGDQAIAEALAAPSHFVLKPQREGGGNNLYGEEMVQALEQLKDSEERASYILMEKIEPEPFRNCLLRPGSPAQVVQCISELGIFGVYVRQGTTLVMNKHVGHLLRTKAVEHADGGVAAGVAVLDNPYPV,"[13, 20, 95, 96, 108, 112, 138, 141, 174, 178, 186, 194, 293, 305, 306, 364, 443, 452]"
82,tr|A2AQR0|,MAFQKAVKGTILVGGGALATVLGLSPFAHYRRKQVSLAYVEAAGYLTEPVNREPPSREAQLMTLKNTPEFDILVIGGGATGCGCALDAVTRGLKTALVERDDFSSGTSSRSTKLIHGGVRYLQKAIMNLDVEQYRMVKEALHERANLLEIAPHLSAPLPIMLPLYKWWQLPYYWVGIKMYDLVAGSQCLKSSYVLSKSRALEHFPMLQKDKLVGAIVYYDGQHNDARMNLAIALTAARYGAATANYMEVVSLLKKTDPETGKERVSGARCKDVLTGQEFDVRAKCVINASGPFTDSVRKMDDKNVVPICQPSAGVHIVMPGYYSPENMGLLDPATSDGRVIFFLPWEKMTIAGTTDTPTDVTHHPIPSEEDINFILNEVRNYLSSDVEVRRGDVLAAWSGIRPLVTDPKSADTQSISRNHVVDISDSGLITIAGGKWTTYRSMAEDTVDAAVKFHNLNAGPSRTVGLFLQGGKDWSPTLYIRLVQDYGLESEVAQHLAKTYGDKAFEVAKMASVTGKRWPVVGVRLVSEFPYIEAEVKYGIKEYACTAVDMISRRTRLAFLNVQAAEEALPRIVELMGRELNWSELRKQCVTYDSDGSTVATSWSSQEELETATRFLYYEMGYKSRTEQLTDSTEISLLPSDIDRYKKRFHKFDEDEKGFITIVDVQRVLESINVQMDENTLHEILCEVDLNKNGQVELHEFLQLMSAVQKGRVSGSRLAILMKTAEENLDRRVPIPVDRSCGGL,"[5, 8, 33, 94, 113, 124, 138, 178, 190, 197, 209, 211, 254, 255, 262, 271, 284, 299, 303, 453, 473, 499, 504, 510, 517, 538, 542, 588, 648, 652, 658, 711, 724]"
83,tr|I6XZ34|,MGEVRVVGIRVEQPQNQPVLLLREANGDRYLPIWIGQSEAAAIALEQQGVEPPRPLTHDLIRDLIAALGHSLKEVRIVDLQEGTFYADLIFDRNIKVSARPSDSVAIALRVGVPIYVEEAVLAQAGLLIPDESDEEATTAVREDEVEKFKEFLDSVSPDDFKAT,"[148, 150, 162]"
84,tr|I6XZ95|,MAVSARAGIVITGTEVLTGRVQDRNGPWIADRLLELGVELAHITICGDRPADIEAQLRFMAEQGVDLIVTSGGLGPTADDMTVEVVARYCGRELVLDDELENRIANILKKLMGRNPAIEPANFDSIRAANRKQAMIPAGSQVIDPVGTAPGLVVPGRPAVMVLPGPPRELQPIWSKAIQTAPVQDAIAGRTTYRQETIRIFGLPESSLADTLRDAEAAIPGFDLVEITTCLRRGEIEMVTRFEPNAAQVYTQLARLLRDRHGHQVYSEDGASVDELVAKLLTGRRIATAESCTAGLLAARLTDRPGSSKYVAGAVVAYSNEAKAQLLGVDPALIEAHGAVSEPVAQAMAAGALQGFGADTATAITGIAGPSGGTPEKPVGTVCFTVLLDDGRTTTRTVRLPGNRSDIRERSTTVAMHLLRRTLSGIPGSP,"[110, 132, 279, 309, 323]"
85,tr|I6XZS8|,MGSRRFDAEVYARRLALAAAATADAGLAGLVITPGYDLCYLIGSRAETFERLTALVLPAAGAPAVVLPRLELAALKQSAAAELGLRVCDWVDGDDPYGLVSAVLGGAPVATAVTDSMPALHMLPLADALGVLPVLATDVLRRLRMVKEETEIDALRKAGAAIDRVHARVPEFLVPGRTEADVAADIAEAIVAEGHSEVAFVIVGSGPHGADPHHGYSDRELREGDIVVVDIGGTYGPGYHSDSTRTYSIGEPDSDVAQSYSMLQRAQRAAFEAIRPGVTAEQVDAAARDVLAEAGLAEYFVHRTGHGIGLCVHEEPYIVAGNDLVLVPGMAFSIEPGIYFPGRWGARIEDIVIVTEDGAVSVNNCPHELIVVPVS,"[76, 147, 157]"
86,tr|I6XZT3|,MGSLSPWHWAILAVVVIVLFGAKKLPDAARSLGKSLRIFKSEVRELQNENKAEASIETPTPVQSQRVDPSAASGQDSTEARPA,"[23, 24, 34, 40, 51]"
87,tr|I6Y098|,MASYLPDIDPEETSEWLESFDTLLQRCGPSRARYLMLRLLERAGEQRVAIPALTSTDYVNTIPTELEPWFPGDEDVERRYRAWIRWNAAIMVHRAQRPGVGVGGHISTYASSAALYEVGFNHFFRGKSHPGGGDQVFIQGHASPGIYARAFLEGRLTAEQLDGFRQEHSHVGGGLPSYPHPRLMPDFWEFPTVSMGLGPLNAIYQARFNHYLHDRGIKDTSDQHVWCFLGDGEMDEPESRGLAHVGALEGLDNLTFVINCNLQRLDGPVRGNGKIIQELESFFRGAGWNVIKVVWGREWDALLHADRDGALVNLMNTTPDGDYQTYKANDGGYVRDHFFGRDPRTKALVENMSDQDIWNLKRGGHDYRKVYAAYRAAVDHKGQPTVILAKTIKGYALGKHFEGRNATHQMKKLTLEDLKEFRDTQRIPVSDAQLEENPYLPPYYHPGLNAPEIRYMLDRRRALGGFVPERRTKSKALTLPGRDIYAPLKKGSGHQEVATTMATVRTFKEVLRDKQIGPRIVPIIPDEARTFGMDSWFPSLKIYNRNGQLYTAVDADLMLAYKESEVGQILHEGINEAGSVGSFIAAGTSYATHNEPMIPIYIFYSMFGFQRTGDSFWAAADQMARGFVLGATAGRTTLTGEGLQHADGHSLLLAATNPAVVAYDPAFAYEIAYIVESGLARMCGENPENIFFYITVYNEPYVQPPEPENFDPEGVLRGIYRYHAATEQRTNKAQILASGVAMPAALRAAQMLAAEWDVAADVWSVTSWGELNRDGVAIETEKLRHPDRPAGVPYVTRALENARGPVIAVSDWMRAVPEQIRPWVPGTYLTLGTDGFGFSDTRPAARRYFNTDAESQVVAVLEALAGDGEIDPSVPVAAARQYRIDDVAAAPEQTTDPGPGA,"[127, 361, 369, 381, 390, 393, 399, 411, 412, 419, 475, 489, 490, 514, 541, 732]"
88,tr|I6Y0P9|,MPLLTIGDQFPAYQLTALIGGDLSKVDAKQPGDYFTTITSDEHPGKWRVVFFWPKDFTFVCPTEIAAFSKLNDEFEDRDAQILGVSIDSEFAHFQWRAQHNDLKTLPFPMLSDIKRELSQAAGVLNADGVADRVTFIVDPNNEIQFVSATAGSVGRNVDEVLRVLDALQSDELCACNWRKGDPTLDAGELLKASA,"[25, 29, 46, 55, 115, 192]"
89,tr|I6Y0Q6|,MNFYSAYQHGFVRVAACTHHTTIGDPAANAASVLDMARACHDDGAALAVFPELTLSGYSIEDVLLQDSLLDAVEDALLDLVTESADLLPVLVVGAPLRHRHRIYNTAVVIHRGAVLGVVPKSYLPTYREFYERRQMAPGDGERGTIRIGGADVAFGTDLLFAASDLPGFVLHVEICEDMFVPMPPSAEAALAGATVLANLSGSPITIGRAEDRRLLARSASARCLAAYVYAAAGEGESTTDLAWDGQTMIWENGALLAESERFPKGVRRSVADVDTELLRSERLRMGTFDDNRRHHRELTESFRRIDFALDPPAGDIGLLREVERFPFVPADPQRLQQDCYEAYNIQVSGLEQRLRALDYPKVVIGVSGGLDSTHALIVATHAMDREGRPRSDILAFALPGFATGEHTKNNAIKLARALGVTFSEIDIGDTARLMLHTIGHPYSVGEKVYDVTFENVQAGLRTDYLFRIANQRGGIVLGTGDLSELALGWSTYGVGDQMSHYNVNAGVPKTLIQHLIRWVISAGEFGEKVGEVLQSVLDTEITPELIPTGEEELQSSEAKVGPFALQDFSLFQVLRYGFRPSKIAFLAWHAWNDAERGNWPPGFPKSERPSYSLAEIRHWLQIFVQRFYSFSQFKRSALPNGPKVSHGGALSPRGDWRAPSDMSARIWLDQIDREVPKG,"[121, 362, 409, 414, 635, 644]"
90,tr|I6Y0R1|,MMATYAIVKTGGKQYKVAVGDVVKVEKLESEQGEKVSLPVALVVDGATVTTDAKALAKVAVTGEVLGHTKGPKIRIHKFKNKTGYHKRQGHRQQLTVLKVTGIA,"[9, 13, 16, 24, 27, 35, 54, 58, 70, 99]"
91,tr|I6Y0S7|,MKSTVEQLSPTRVRINVEVPFAELEPDFQRAYKELAKQVRLPGFRPGKAPAKLLEARIGREAMLDQIVNDALPSRYGQAVAESDVQPLGRPNIEVTKKEYGQDLQFTAEVDIRPKISPPDLSALTVSVDPIEIGEDDVDAELQSLRTRFGTLTAVDRPVAVGDVVSIDLSATVDGEDIPNAAAEGLSHEVGSGRLIAGLDDAVVGLSADESRVFTAKLAAGEHAGQEAQVTVTVRSVKERELPEPDDEFAQLASEFDSIDELRASLSDQVRQAKRAQQAEQIRNATIDALLEQVDVPLPESYVQAQFDSVLHSALSGLNHDEARFNELLVEQGSSRAAFDAEARTASEKDVKRQLLLDALADELQVQVGQDDLTERLVTTSRQYGIEPQQLFGYLQERNQLPTMFADVRRELAIRAAVEAATVTDSDGNTIDTSEFFGKRVSAGEAEEAEPADEGAARAASDEATT,"[37, 52, 98, 217, 349, 352]"
92,tr|I6Y0U0|,MTIDPGAKQDVEAWTTFTASADIPDWISKAYIDSYRGPRDDSSEATKAAEASWLPASLLTPAMLGAHYRLGRHRAAGESCVAVYRADDPAGFGPALQVVAEHGGMLMDSVTVLLHRLGIAYAAILTPVFDVHRSPTGELLRIEPKAEGTSPHLGEAWMHVALSPAVDHKGLAEVERLLPKVLADVQRVATDATALIATLSELAGEVESNAGGRFSAPDRQDVGELLRWLGDGNFLLLGYQRCRVADGMVYGEGSSGMGVLRGRTGSRPRLTDDDKLLVLAQARVGSYLRYGAYPYAIAVREYVDGSVVEHRFVGLFSVAAMNADVLEIPTISRRVREALAMAESDPSHPGQLLLDVIQTVPRPELFTLSAQRLLTMARAVVDLGSQRQALLFLRADRLQYFVSCLVYMPRDRYTTAVRMQFEDILVREFGGTRLEFTARVSESPWALMHFMVRLPEVGVAGEGAAAPPVDVSEANRIRIQGLLTEAARTWADRLIGAAAAAGSVGQADAMHYAAAFSEAYKQAVTPADAIGDIAVITELTDDSVKLVFSERDEQGVAQLTWFLGGRTASLSQLLPMLQSMGVVVLEERPFSVTRPDGLPVWIYQFKISPHPTIPLAPTVAERAATAHRFAEAVTAIWHGRVEIDRFNELVMRAGLTWQQVVLLRAYAKYLRQAGFPYSQSYIESVLNEHPATVRSLVDLFEALFVPVPSGSASNRDAQAAAAAVAADIDALVSLDTDRILRAFASLVQATLRTNYFVTRQGSARCRDVLALKLNAQLIDELPLPRPRYEIFVYSPRVEGVHLRFGPVARGGLRWSDRRDDFRTEILGLVKAQAVKNAVIVPVGAKGGFVVKRPPLPTGDPAADRDATRAEGVACYQLFISGLLDVTDNVDHATASVNPPPEVVRRDGDDAYLVVAADKGTATFSDIANDVAKSYGFWLGDAFASGGSVGYDHKAMGITARGAWEAVKRHFREIGIDTQTQDFTVVGIGDMSGDVFGNGMLLSKHIRLIAAFDHRHIFLDPNPDAAVSWAERRRMFELPRSSWSDYDRSLISEGGGVYSREQKAIPLSAQVRAVLGIDGSVDGGAAEMAPPNLIRAILRAPVDLLFNGGIGTYIKAESESDADVGDRANDPVRVNANQVRAKVIGEGGNLGVTALGRVEFDLSGGRINTDALDNSAGVDCSDHEVNIKILIDSLVSAGTVKADERTQLLESMTDEVAQLVLADNEDQNDLMGTSRANAASLLPVHAMQIKYLVAERGVNRELEALPSEKEIARRSEAGIGLTSPELATLMAHVKLGLKEEVLATELPDQDVFASRLPRYFPTALRERFTPEIRSHQLRREIVTTMLINDLVDTAGITYAFRIAEDVGVTPIDAVRTYVATDAIFGVGHIWRRIRAANLPIALSDRLTLDTRRLIDRAGRWLLNYRPQPLAVGAEINRFAAMVKALTPRMSEWLRGDDKAIVEKTAAEFASQGVPEDLAYRVSTGLYRYSLLDIIDIADIADIDAAEVADTYFALMDRLGTDGLLTAVSQLPRHDRWHSLARLAIRDDIYGALRSLCFDVLAVGEPGESSEQKIAEWEHLSASRVARARRTLDDIRASGQKDLATLSVAARQIRRMTRTSGRGISG,"[8, 47, 169, 180, 275, 668, 772, 830, 835, 845, 851, 918, 932, 953, 967, 1062, 1141, 1200, 1249, 1268, 1293, 1297, 1442, 1457, 1462, 1599]"
93,tr|P95029|,MTIHEHDRVSADRGGDSPHTTHALVDRLMAGEPYAVAFGGQGSAWLETLEELVSATGIETELATLVGEAELLLDPVTDELIVVRPIGFEPLQWVRALAAEDPVPSDKHLTSAAVSVPGVLLTQIAATRALARQGMDLVATPPVAMAGHSQGVLAVEALKAGGARDVELFALAQLIGAAGTLVARRRGISVLGDRPPMVSVTNADPERIGRLLDEFAQDVRTVLPPVLSIRNGRRAVVITGTPEQLSRFELYCRQISEKEEADRKNKVRGGDVFSPVFEPVQVEVGFHTPRLSDGIDIVAGWAEKAGLDVALARELADAILIRKVDWVDEITRVHAAGARWILDLGPGDILTRLTAPVIRGLGIGIVPAATRGGQRNLFTVGATPEVARAWSSYAPTVVRLPDGRVKLSTKFTRLTGRSPILLAGMTPTTVDAKIVAAAANAGHWAELAGGGQVTEEIFGNRIEQMAGLLEPGRTYQFNALFLDPYLWKLQVGGKRLVQKARQSGAAIDGVVISAGIPDLDEAVELIDELGDIGISHVVFKPGTIEQIRSVIRIATEVPTKPVIMHVEGGRAGGHHSWEDLDDLLLATYSELRSRANITVCVGGGIGTPRRAAEYLSGRWAQAYGFPLMPIDGILVGTAAMATKESTTSPSVKRMLVDTQGTDQWISAGKAQGGMASSRSQLGADIHEIDNSASRCGRLLDEVAGDAEAVAERRDEIIAAMAKTAKPYFGDVADMTYLQWLRRYVELAIGEGNSTADTASVGSPWLADTWRDRFEQMLQRAEARLHPQDFGPIQTLFTDAGLLDNPQQAIAALLARYPDAETVQLHPADVPFFVTLCKTLGKPVNFVPVIDQDVRRWWRSDSLWQAHDARYDADAVCIIPGTASVAGITRMDEPVGELLDRFEQAAIDEVLGAGVEPKDVASRRLGRADVAGPLAVVLDAPDVRWAGRTVTNPVHRIADPAEWQVHDGPENPRATHSSTGARLQTHGDDVALSVPVSGTWVDIRFTLPANTVDGGTPVIATEDATSAMRTVLAIAAGVDSPEFLPAVANGTATLTVDWHPERVADHTGVTATFGEPLAPSLTNVPDALVGPCWPAVFAAIGSAVTDTGEPVVEGLLSLVHLDHAARVVGQLPTVPAQLTVTATAANATDTDMGRVVPVSVVVTGADGAVIATLEERFAILGRTGSAELADPARAGGAVSANATDTPRRRRRDVTITAPVDMRPFAVVSGDHNPIHTDRAAALLAGLESPIVHGMWLSAAAQHAVTATDGQARPPARLVGWTARFLGMVRPGDEVDFRVERVGIDQGAEIVDVAARVGSDLVMSASARLAAPKTVYAFPGQGIQHKGMGMEVRARSKAARKVWDTADKFTRDTLGFSVLHVVRDNPTSIIASGVHYHHPDGVLYLTQFTQVAMATVAAAQVAEMREQGAFVEGAIACGHSVGEYTALACVTGIYQLEALLEMVFHRGSKMHDIVPRDELGRSNYRLAAIRPSQIDLDDADVPAFVAGIAESTGEFLEIVNFNLRGSQYAIAGTVRGLEALEAEVERRRELTGGRRSFILVPGIDVPFHSRVLRVGVAEFRRSLDRVMPRDADPDLIIGRYIPNLVPRLFTLDRDFIQEIRDLVPAEPLDEILADYDTWLRERPREMARTVFIELLAWQFASPVRWIETQDLLFIEEAAGGLGVERFVEIGVKSSPTVAGLATNTLKLPEYAHSTVEVLNAERDAAVLFATDTDPEPEPEEDEPVAESPAPDVVSEAAPVAPAASSAGPRPDDLVFDAADATLALIALSAKMRIDQIEELDSIESITDGASSRRNQLLVDLGSELNLGAIDGAAESDLAGLRSQVTKLARTYKPYGPVLSDAINDQLRTVLGPSGKRPGAIAERVKKTWELGEGWAKHVTVEVALGTREGSSVRGGAMGHLHEGALADAASVDKVIDAAVASVAARQGVSVALPSAGSGGGATIDAAALSEFTDQITGREGVLASAARLVLGQLGLDDPVNALPAAPDSELIDLVTAELGADWPRLVAPVFDPKKAVVFDDRWASAREDLVKLWLTDEGDIDADWPRLAERFEGAGHVVATQATWWQGKSLAAGRQIHASLYGRIAAGAENPEPGRYGGEVAVVTGASKGSIAASVVARLLDGGATVIATTSKLDEERLAFYRTLYRDHARYGAALWLVAANMASYSDVDALVEWIGTEQTESLGPQSIHIKDAQTPTLLFPFAAPRVVGDLSEAGSRAEMEMKVLLWAVQRLIGGLSTIGAERDIASRLHVVLPGSPNRGMFGGDGAYGEAKSALDAVVSRWHAESSWAARVSLAHALIGWTRGTGLMGHNDAIVAAVEEAGVTTYSTDEMAALLLDLCDAESKVAAARSPIKADLTGGLAEANLDMAELAAKAREQMSAAAAVDEDAEAPGAIAALPSPPRGFTPAPPPQWDDLDVDPADLVVIVGGAEIGPYGSSRTRFEMEVENELSAAGVLELAWTTGLIRWEDDPQPGWYDTESGEMVDESELVQRYHDAVVQRVGIREFVDDGAIDPDHASPLLVSVFLEKDFAFVVSSEADARAFVEFDPEHTVIRPVPDSTDWQVIRKAGTEIRVPRKTKLSRVVGGQIPTGFDPTVWGISADMAGSIDRLAVWNMVATVDAFLSSGFSPAEVMRYVHPSLVANTQGTGMGGGTSMQTMYHGNLLGRNKPNDIFQEVLPNIIAAHVVQSYVGSYGAMIHPVAACATAAVSVEEGVDKIRLGKAQLVVAGGLDDLTLEGIIGFGDMAATADTSMMCGRGIHDSKFSRPNDRRRLGFVEAQGGGTILLARGDLALRMGLPVLAVVAFAQSFGDGVHTSIPAPGLGALGAGRGGKDSPLARALAKLGVAADDVAVISKHDTSTLANDPNETELHERLADALGRSEGAPLFVVSQKSLTGHAKGGAAVFQMMGLCQILRDGVIPPNRSLDCVDDELAGSAHFVWVRDTLRLGGKFPLKAGMLTSLGFGHVSGLVALVHPQAFIASLDPAQRADYQRRADARLLAGQRRLASAIAGGAPMYQRPGDRRFDHHAPERPQEASMLLNPAARLGDGEAYIG,"[107, 159, 264, 266, 304, 323, 406, 410, 433, 494, 499, 643, 652, 669, 722, 725, 841, 917, 1331, 1344, 1355, 1359, 1366, 1690, 1788, 1844, 1850, 1883, 1884, 1894, 1931, 2031, 2032, 2086, 2126, 2241, 2290, 2362, 2371, 2391, 2594, 2596, 2733, 2738, 2848, 2858, 2871, 2908, 2915, 2966, 2970]"
94,tr|I6Y100|,MSDRKPVRGRHQARKRAVALLFEAEVRGISAAEVVDTRAALAEAKPDIARLHPYTAAVARGVSEHAAHIDDLITAHLRGWTLDRLPAVDRAILRVSVWELLHAADVPEPVVVDEAVQLAKELSTDDSPGFVNGVLGQVMLVTPQLRAAAQAVRGGA,[45]
95,tr|I6Y1G8|,MTAQFDPADPTRFEEMYRDDRVAHGLPAATPWDIGGPQPVVQQLVALGAIRGEVLDPGTGPGHHAIYYAAKGYAATGIDGSVAAIERARDNARKAGVSVNFQVGDATTLDGLDGRFDTVVDCAFYHTFSTAPELQRCYVRALRRASKPGARLYMFEFGEHNVNGFSMPRSLSEDDFRQVLPVGGWEITYLGTTTYQVNLSVEALELMAARNPDMADQVRCVLERFRAIKPWLVGGRVHAPFWEVHATRVD,"[94, 229]"
96,tr|I6Y1L2|,MANPFVKAWKYLMALFSSKIDEHADPKVQIQQAIEEAQRTHQALTQQAAQVIGNQRQLEMRLNRQLADIEKLQVNVRQALTLADQATAAGDAAKATEYNNAAEAFAAQLVTAEQSVEDLKTLHDQALSAAAQAKKAVERNAMVLQQKIAERTKLLSQLEQAKMQEQVSASLRSMSELAAPGNTPSLDEVRDKIERRYANAIGSAELAESSVQGRMLEVEQAGIQMAGHSRLEQIRASMRGEALPAGGTTATPRPATETSGGAIAEQPYGQ,"[7, 10, 19, 27, 71, 94, 134, 135, 147, 153, 162, 192]"
97,tr|I6Y1M2|,MAETAPLRVQLIAKTDFLAPPDVPWTTDADGGPALVEFAGRACYQSWSKPNPKTATNAGYLRHIIDVGHFSVLEHASVSFYITGISRSCTHELIRHRHFSYSQLSQRYVPEKDSRVVVPPGMEDDADLRHILTEAADAARATYSELLAKLEAKFADQPNAILRRKQARQAARAVLPNATETRIVVTGNYRAWRHFIAMRASEHADVEIRRLAIECLRQLAAVAPAVFADFEVTTLADGTEVATSPLATEA,"[14, 49, 53, 112, 149, 153, 165]"
98,tr|I6Y1U7|,MAAGKARVHELAKELGVTSKEVLARLSEQGEFVKSASSTVEAPVARRLRESFGGSKPAPAKGTAKSPGKGPDKSLDKALDAAIDMAAGNGKATAAPAKAADSGGAAIVSPTTPAAPEPPTAVPPSPQAPHPGMAPGARPGPVPKPGIRTPRVGNNPFSSAQPADRPIPRPPAPRPGTARPGVPRPGASPGSMPPRPGGAVGGARPPRPGAPRPGGRPGAPGAGRSDAGGGNYRGGGVGAAPGTGFRGRPGGGGGGRPGQRGGAAGAFGRPGGAPRRGRKSKRQKRQEYDSMQAPVVGGVRLPHGNGETIRLARGASLSDFADKIDANPAALVQALFNLGEMVTATQSVGDETLELLGSEMNYNVQVVSPEDEDRELLESFDLSYGEDEGGEEDLQVRPPVVTVMGHVDHGKTRLLDTIRKANVREAEAGGITQHIGAYQVAVDLDGSQRLITFIDTPGHEAFTAMRARGAKATDIAILVVAADDGVMPQTVEAINHAQAADVPIVVAVNKIDKEGADPAKIRGQLTEYGLVPEEFGGDTMFVDISAKQGTNIEALEEAVLLTADAALDLRANPDMEAQGVAIEAHLDRGRGPVATVLVQRGTLRVGDSVVAGDAYGRVRRMVDEHGEDVEVALPSRPVQVIGFTSVPGAGDNFLVVDEDRIARQIADRRSARKRNALAARSRKRISLEDLDSALKETSQLNLILKGDNAGTVEALEEALMGIQVDDEVVLRVIDRGVGGITETNVNLASASDAVIIGFNVRAEGKATELASREGVEIRYYSVIYQAIDEIEQALRGLLKPIYEENQLGRAEIRALFRSSKVGLIAGCLVTSGVMRRNAKARLLRDNIVVAENLSIASLRREKDDVTEVRDGFECGLTLGYADIKEGDVIESYELVQKERA,"[5, 13, 20, 34, 56, 65, 69, 73, 77, 91, 98, 323, 411, 420, 471, 510, 513, 520, 705, 765, 820, 839, 862]"
99,tr|I6Y1Y2|,MIDEALFDAEEKMEKAVAVARDDLSTIRTGRANPGMFSRITIDYYGAATPITQLASINVPEARLVVIKPYEANQLRAIETAIRNSDLGVNPTNDGALIRVAVPQLTEERRRELVKQAKHKGEEAKVSVRNIRRKAMEELHRIRKEGEAGEDEVGRAEKDLDKTTHQYVTQIDELVKHKEGELLEV,"[12, 15, 158, 162]"
100,tr|I6Y1Z6|,MSAEDLEKYETEMELSLYREYKDIVGQFSYVVETERRFYLANSVEMVPRNTDGEVYFELRLADAWVWDMYRPARFVKQVRVVTFKDVNIEEVEKPELRLPE,"[77, 85, 94]"
101,tr|I6Y228|,MSIPENAIAVVGMAGRFPGAKDVSAFWSNLRRGKESIVTLSEQELRDAGVSDKTLADPAYVRRAPLLDGIDEFDAGFFGFPPLAAQVLDPQHRLFLQCAWHALEDAGADPARFDGSIGVYGTSSPSGYLLHNLLSHRDPNAVLAEGLNFDQFSLFLQNDKDFLATRISHAFNLRGPSIAVQTACSSSLVAVHLACLSLLSGECDMALAGGSSLCIPHRVGYFTSPGSMVSAVGHCRPFDVRADGTVFGSGVGLVVLKPLAAAIDAGDRIHAVIRGSAINNDGSAKMGYAAPNPAAQADVIAEAHAVSGIDSSTVSYVECHGTGTPLGDPIEIQGLRAAFEVSQTSRSAPCVLGSVKSNIGHLEVAAGIAGLIKTILCLKNKALPATLHYTSPNPELRLDQSPFVVQSKYGPWECDGVRRAGVSSFGVGGTNAHVVLEEAPAEASEVSAHAEPAGPQVILLSAQTAAALGESRTALAAALETQDGPRLSDVAYTLARRRKHNVTMAAVVHDREHAATVLRAAEHDNVFVGEAAHDGEHGDRADAAPTSDRVVFLFPGQGAQHVGMAKGLYDTEPVFAQHFDTCAAGFRDETGIDLHAEVFDGTATDLERIDRSQPALFTVEYALAKLVDTFGVRAGAYIGYSTGEYIAATLAGVFDLQTAIKTVSLRARLMHESPPGAMVAVALGPDDVTQYLPPEVELSAVNDPGNCVVAGPKDQIRALRQRLTEAGIPVRRVRATHAFHTSAMDPMLGQFQEFLSRQQLRPPRTPLLSNLTGSWMSDQQVVDPASWTRQISSPIRFADELDVVLAAPSRILVEVGPGGSLTGSAMRHPKWSTTHRTVRLMRHPLQDVDDRDTFLRALGELWSAGVEVDWTPRRPAVPHLVSLPGYPFARQRHWVEPNHTVWAQAPGANNGSPAGTADGSTAATVDAARNGESQTEVTLQRIWSQCLGVSSVDRNANFFDLGGDSLMAISIAMAAANEGLTITPQDLYEYPTLASLTAAVDASFASSGLAKPPEAQANPAVPPNVTYFLDRGLRDTGRCRVPLILRLDPKIGLPDIRAVLTAVVNHHDALRLHLVGNDGIWEQHIAAPAEFTGLSNRSVPNGVAAGSPEERAAVLGILAELLEDQTDPNAPLAAVHIAAAHGGPHYLCLAIHAMVTDDSSRQILATDIVTAFGQRLAGEEITLEPVSTGWREWSLRCAALATHPAALDTRSYWIENSTKATLWLADALPNAHTAHPPRADELTKLSSTLSVEQTSELDDGRRRFRRSIQTILLAALGRTIAQTVGEGVVAVELEGEGRSVLRPDVDLRRTVGWFTTYYPVPLACATGLGALAQLDAVHNTLKSVPHYGIGYGLLRYVYAPTGRVLGAQRTPDIHFRYAGVIPELPSGDAPVQFDSDMTLPVREPIPGMGHAIELRVYRFGGSLHLDWWYDTRRIPAATAEALERTFPLALSALIQEAIAAEHTEHDDSEIVGEPEAGALVDLSSMDAG,"[21, 34, 53, 257, 285, 373, 379, 381, 499, 566, 1011, 1050]"
102,tr|I6Y239|,MGGLRFGFVDALVHSRLPPTLPARSSMAAATVMGADSYWVGDHLNALVPRSIATSEYLGIAAKFVPKIDANYEPWTMLGNLAFGLPSRLRLGVCVTDAGRRNPAVTAQAAATLHLLTRGRAILGIGVGEREGNEPYGVEWTKPVARFEEALATIRALWNSNGELISRESPYFPLHNALFDLPPYRGKWPEIWVAAHGPRMLRATGRYADAWIPIVVVRPSDYSRALEAVRSAASDAGRDPMSITPAAVRGIITGRNRDDVEEALESVVVKMTALGVPGEAWARHGVEHPMGADFSGVQDIIPQTMDKQTVLSYAAKVPAALMKEVVFSGTPDEVIDQVAEWRDHGLRYVVLINGSLVNPSLRKTVTAVLPHAKVLRGLKKL,"[63, 67, 270, 307, 316, 323, 363, 373]"
103,tr|I6Y250|,MTGAVCPGSFDPVTLGHVDIFERAAAQFDEVVVAILVNPAKTGMFDLDERIAMVKESTTHLPNLRVQVGHGLVVDFVRSCGMTAIVKGLRTGTDFEYELQMAQMNKHIAGVDTFFVATAPRYSFVSSSLAKEVAMLGGDVSELLPEPVNRRLRDRLNTERT,"[41, 55, 87, 106, 131]"
104,tr|I6Y298|,MTDIIRSDAATLAAKIAIKEVSSAEITRACLDQIEATDETYHAFLHVAADEALAAAAAIDKQVAAGEPLPSALAGVPLALKDVFTTSDMPTTCGSKILEGWRSPYDATLTARLRAAGIPILGKTNMDEFAMGSSTENSAYGPTRNPWNLDRVPGGSGGGSAAALAAFQAPLAIGSDTGGSIRQPAALTATVGVKPTYGTVSRYGLVACASSLDQGGPCARTVLDTALLHQVIAGHDPRDSTSVDAEVPDVVGAARAGAVGDLRGVRVGVVRQLHGGEGYQPGVLASFEAAVEQLTALGAEVSEVDCPHFDHALAAYYLILPSEVSSNLARFDAMRYGLRVGDDGTRSAEEVMAMTRAAGFGPEVKRRIMIGTYALSAGYYDAYYNQAQKVRTLIARDLDAAYRSVDVLVSPTTPTTAFRLGEKVDDPLAMYLFDLCTLPLNLAGHCGMSVPSGLSPDDGLPVGLQIMAPALADDRLYRVGAAYEAARGPLLSAI,"[15, 19, 61, 81, 96, 123, 194, 365]"
105,gi|15609229|,MTELAELDRFTAELPFSLDDFQQRACSALERGHGVLVCAPTGAGKTVVGEFAVHLALAAGSKCFYTTPLKALSNQKHTDLTARYGRDQIGLLTGDLSVNGNAPVVVMTTEVLRNMLYADSPALQGLSYVVMDEVHFLADRMRGPVWEEVILQLPDDVRVVSLSATVSNAEEFGGWIQTVRGDTTVVVDEHRPVPLWQHVLVGKRMFDLFDYRIGEAEGQPQVNRELLRHIAHRREADRMADWQPRRRGSGRPGFYRPPGRPEVIAKLDAEGLLPAITFVFSRAGCDAAVTQCLRSPLRLTSEEERARIAEVIDHRCGDLADSDLAVLGYYEWREGLLRGLAAHHAGMLPAFRHTVEELFTAGLVKAVFATETLALGINMPARTVVLERLVKFNGEQHMPLTPGEYTQLTGRAGRRGIDVEGHAVVIWHPEIEPSEVAGLASTRTFPLRSSFAPSYNMTINLVHRMGPQQAHRLLEQSFAQYQADRSVVGLVRGIERGNRILGEIAAELGGSDAPILEYARLRARVSELERAQARASRLQRRQAATDALAALRRGDIITITHGRRGGLAVVLESARDRDDPRPLVLTEHRWAGRISSADYSGTTPVGSMTLPKRVEHRQPRVRRDLASALRSAAAGLVIPAARRVSEAGGFHDPELESSREQLRRHPVHTSPGLEDQIRQAERYLRIERDNAQLERKVAAATNSLARTFDRFVGLLTEREFIDGPATDPVVTDDGRLLARIYSESDLLVAECLRTGAWEGLKPAELAGVVSAVVYETRGGDGQGAPFGADVPTPRLRQALTQTSRLSTTLRADEQAHRITPSREPDDGFVRVIYRWSRTGDLAAALAAADVNGSGSPLLAGDFVRWCRQVLDLLDQVRNAAPNPELRATAKRAIGDIRRGVVAVDAG,"[45, 62, 70, 76, 266, 391, 696, 761, 890]"
106,gi|15609376|,MPIATVCTWPAETEGGSTVVAADHASNYARKLGIQRDQLIQEWGWDEDTDDDIRAAIEEACGGELLDEDTDEVIDVVLLWWRDGDGDLVDTLMDAIGPLAEDGVIWVVTPKTGQPGHVLPAEIAEAAPTAGLMPTSSVNLGNWSASRLVQPKSRAGKR,[31]
107,sp|YER125W|,MPSSISVKLVAAESLYKRDVFRSPDPFAVLTIDGYQTKSTSAAKKTLNPYWNETFKFDDINENSILTIQVFDQKKFKKKDQGFLGVVNVRVGDVLGHLDEDTATSSGRPREETITRDLKKSNDGMAVSGRLIVVLSKLPSSSPHSQAPSGHTASSSTNTSSTTRTNGHSTSSTRNHSTSHPSRGTAQAVESTLQSGTTAATNTATTSHRSTNSTSSATRQYSSFEDQYGRLPPGWERRTDNFGRTYYVDHNTRTTTWKRPTLDQTEAERGNQLNANTELERRQHRGRTLPGGSSDNSSVTVQVGGGSNIPPVNGAAAAAFAATGGTTSGLGELPSGWEQRFTPEGRAYFVDHNTRTTTWVDPRRQQYIRTYGPTNTTIQQQPVSQLGPLPSGWEMRLTNTARVYFVDHNTKTTTWDDPRLPSSLDQNVPQYKRDFRRKVIYFRSQPALRILPGQCHIKVRRKNIFEDAYQEIMRQTPEDLKKRLMIKFDGEEGLDYGGVSREFFFLLSHEMFNPFYCLFEYSAYDNYTIQINPNSGINPEHLNYFKFIGRVVGLGVFHRRFLDAFFVGALYKMMLRKKVVLQDMEGVDAEVYNSLNWMLENSIDGVLDLTFSADDERFGEVVTVDLKPDGRNIEVTDGNKKEYVELYTQWRIVDRVQEQFKAFMDGFNELIPEDLVTVFDERELELLIGGIAEIDIEDWKKHTDYRGYQESDEVIQWFWKCVSEWDNEQRARLLQFTTGTSRIPVNGFKDLQGSDGPRRFTIEKAGEVQQLPKSHTCFNRVDLPQYVDYDSMKQKLTLAVEETIGFGQE,"[8, 17, 44, 45, 75, 77, 78, 79, 119, 120, 137, 438, 458, 462, 481, 482, 487, 572, 577, 578, 627, 640, 641, 701, 764, 773, 793, 795]"
108,sp|YGL189C|,MPKKRASNGRNKKGRGHVKPVRCVNCSKSIPKDKAIKRMAIRNIVEAAAVRDLSEASVYPEYALPKTYNKLHYCVSCAIHARIVRVRSREDRKNRAPPQRPRFNRENKVSPADAAKKAL,"[37, 70]"
109,sp|YER134C|,MTGYPDVAAFDLDYTIWPCYCDTHLHGPFKPVKSSNGEVLTIICRDGYELTIYKDIPRILGDLKDNGVKLMTASRTWAPEIAQEILKIFKVKYAGVVTPLANLFDEFQWGERSKIGHLRDGLKDLYNTSDLKSKKICLFDDESRNKEVEKYGVKFVYVRDPENGPSWKLYQDYLSGKV,"[33, 64, 69, 87, 90, 92, 123, 132, 134, 135, 150, 154, 168, 177]"
110,sp|YCR028C-A|,MFLRTQARFFHATTKKMDFSKMSIVGRIGSEFTEHTSANNNRYLKYSIASQPRRDGQTNWYNITVFNEPQINFLTEYVRKGALVYVEADAANYVFERDDGSKGTTLSLVQKDINLLKNGKKLEDAEGQENAASSE,"[15, 16, 21, 80, 102, 111, 117, 120, 121]"
111,sp|YFL004W|,MLFGVKLANEVYPPWKGSYINYEGLKKFLKEDSVKDGSNDKKARWDDSDESKFVEELDKELEKVYGFQLKKYNNLMERLSHLEKQTDTEAAIKALDADAFQRVLEELLSESTELDNFKRLNFTGFAKIVKKHDKLYPKYPSVKSLLEVRLKELPSHSEEYSPLLYRISFLYNILRSNFNTASEPLASASKFSSIVSNDIDMNFRSFKFWVHNDNLMEVKTRILRHLPVLVYANVPSENDDLVNRFESDISNNDEIVGSSSSTSSVEHGLGARSFDPLINTLYFDNEHFELYNDKLLKLNSAPTLRLRWTGQLSDKPDIFLEKKTLIEDEATGKSEFDLTKLQLKQKFINGFIFEGDKKFKEQTLKKLKESGTAGRDLERLEEDFSEIQNFIIKNELQPVFRTVYTRTAFQIPGDDKIRVTIDSNIVFIKEDSFDRERPIRDPNTWHRTDIDANVANPLKFLRGGEYAKFPYSVMEIKVKSSLDSSMSASSMISNVKLPKKHGQWLNDLTNSHLVKEIPKFSIFVQGVASLYGDDEKLDILPFWLPDLETDIRQDPKQAYEEEKKKLLKQKEIQKKIDGMRRLSNLKEPQHQAAVPVSQEENERITSQGDLEADGSSDEETEQEPHSKRSKKVRRRKPKATFLRILAGRDPKLMGVDSEEEEIELPPGVKKPLNLLKNAGPVNVEAKVWLANERTFNRWLSVTSLLSVLTFSIYNSVKKAEYPTLANYMAYVYFGLTIFCALWSYSIYMKRVDIIQQRSGQHLDAPLGPVLVSIVLFVTLVVNFVMAFRNAAKSRQELQIQNLEVPERIPEVLRPLQNYLFKLMGPSSD,"[6, 16, 26, 27, 30, 35, 42, 52, 59, 63, 70, 71, 84, 93, 127, 130, 134, 219, 315, 322, 323, 333, 340, 344, 346, 365, 366, 368, 416, 468, 477, 479, 499, 500, 519, 586, 651, 670, 676, 686, 717, 718, 792]"
112,sp|YFL014W|,MSDAGRKGFGEKASEALKPDSQKSYAEQGKEYITDKADKVAGKVQPEDNKGVFQGVHDSAEKGKDNAEGQGESLADQARDYMGAAKSKLNDAVEYVSGRVHGEEDPTKK,"[7, 12, 18, 23, 30, 36, 39, 43, 50, 62, 64, 86, 88]"
113,sp|YFL016C|,MAFQQGVLSRCSGVFRHHVGHSRHINNILYRHAIAFASIAPRIPKSSFHTSAIRNNEAFKDPYDTLGLKKSATGAEIKKAYYKLAKKYHPDINKEPDAEKKFHDLQNAYEILSDETKRQQYDQFGPAAFGGGGAAGGAGGGSGSPFGSQFHDFSGFTSAGGSPFGGINFEDLFGAAFGGGGRGSGGASRSSSMFRQYRGDPIEIVHKVSFKDAVFGSKNVQLRFSALDPCSTCSGTGMKPNTHKVSCSTCHGTGTTVHIRGGFQMMSTCPTCNGEGTMKRPQDNCTKCHGEGVQVNRAKTITVDLPHGLQDGDVVRIPGQGSYPDIAVEADLKDSVKLSRGDILVRIRVDKDPNFSIKNKYDIWYDKEIPITTAALGGTVTIPTVEGQKIRIKVAPGTQYNQVISIPNMGVPKTSTIRGDMKVQYKIVVKKPQSLAEKCLWEALADVTNDDMAKKTMQPGTAAGTAINEEILKKQKQEEEKHAKKDDDNTLKRLENFITNTFRKIKGDKKN,"[60, 69, 70, 78, 79, 86, 87, 94, 207, 211, 218, 244, 279, 287, 299, 333, 337, 351, 358, 360, 367, 389, 393, 422, 426, 430, 431, 438, 454, 455, 492]"
114,sp|YFL022C|,MSDFQLEILKKLDELDEIKSTLATFPQHGSQDVLSALNSLKAHNKLEFSKVDTVTYDLTKEGAQILNEGSYEIKLVKLIQELGQLQIKDVMSKLGPQVGKVGQARAFKNGWIAKNASNELELSAKLQNTDLNELTDETQSILAQIKNNSHLDSIDAKILNDLKKRKLIAQGKITDFNVTKGPEFSTDLTKLETDLTSDMVSTNAYKDLKFKPYNFNSQGVQISSGALHPLNKVREEFRQIFFSMGFTEMPSNQYVETGFWNFDALYVPQQHPARDLQDTFYIKDPLTADLPDDKTYMDNIKAVHEQGRFGSIGYRYNWKPEECQKLVLRTHSTAISARMLHDLAKDPKPTRLFSIDRVFRNEAVDATHLAEFHQVEGVLADYNITLGDLIKFMEEFFERMGVTGLRFKPTYNPYTEPSMEIFSWHEGLQKWVEIGNSGMFRPEMLESMGLPKDLRVLGWGLSLERPTMIKYKVQNIRELLGHKVSLDFIETNPAARLDEDLYE,"[10, 11, 19, 41, 45, 50, 60, 74, 77, 88, 93, 100, 108, 114, 125, 157, 163, 164, 166, 172, 180, 190, 206, 209, 211, 294, 301, 325, 345, 348, 408, 452, 470, 472, 483]"
115,sp|YFL045C|,MSIAEFAYKEKPETLVLFDVDGTLTPARLTVSEEVRKTLAKLRNKCCIGFVGGSDLSKQLEQLGPNVLDEFDYSFSENGLTAYRLGKELASQSFINWLGEEKYNKLAVFILRYLSEIDLPKRRGTFLEFRNGMINVSPIGRNASTEERNEFERYDKEHQIRAKFVEALKKEFPDYGLTFSIGGQISFDVFPAGWDKTYCLQHVEKDGFKEIHFFGDKTMVGGNDYEIFVDERTIGHSVQSPDDTVKILTELFNL,"[9, 11, 37, 41, 45, 58, 87, 102, 163, 169, 170, 205, 209, 217]"
116,sp|YFL048C|,MMMLITMKSTVLLSVFTVLATWAGLLEAHPLGDTSDASKLSSDYSLPDLINARKVPNNWQTGEQASLEEGRIVLTSKQNSKGSLWLKQGFDLKDSFTMEWTFRSVGYSGQTDGGISFWFVQDSNVPRDKQLYNGPVNYDGLQLLVDNNGPLGPTLRGQLNDGQKPVDKTKIYDQSFASCLMGYQDSSVPSTIRVTYDLEDDNLLKVQVDNKVCFQTRKVRFPSGSYRIGVTAQNGAVNNNAESFEIFKMQFFNGVIEDSLIPNVNAMGQPKLITKYIDQQTGKEKLIEKTAFDADKDKITNYELYKKLDRVEGKILANDINALETKLNDVIKVQQELLSFMTTITKQLSSKPPANNEKGTSTDDAIAEDKENFKDFLSINQKLEKVLVEQEKYREATKRHGQDGPQVDEIARKLMIWLLPLIFIMLVMAYYTFRIRQEIIKTKLL,"[8, 81, 87, 93, 164, 168, 170, 211, 218, 271, 275, 283, 285, 289, 296, 298, 306, 307, 314, 326, 332, 351, 358, 370, 374, 382, 385, 398]"
117,sp|YFR009W|,MASIGSQVRKAASSIDPIVTDYAVGYFNHLSGITFDAVQSKQVDLSTEVQFVSDLLIDAGASKAKVKELSESILKQLTTQLKENEAKLELTGDTSKRLLDINVLKSHNSKSDINVSLSMLGVNGDIEHTGRKMETRVDLKKLAKAEQKIAKKVAKRNNKFVKYEASKLINDQKEEDYDSFFLQINPLEFGSSAGKSKDIHIDTFDLYVGDGQRILSNAQLTLSFGHRYGLVGQNGIGKSTLLRALSRRELNVPKHVSILHVEQELRGDDTKALQSVLDADVWRKQLLSEEAKINERLKEMDVLRQEFEEDSLEVKKLDNEREDLDNHLIQISDKLVDMESDKAEARAASILYGLGFSTEAQQQPTNSFSGGWRMRLSLARALFCQPDLLLLDEPSNMLDVPSIAYLAEYLKTYPNTVLTVSHDRAFLNEVATDIIYQHNERLDYYRGQDFDTFYTTKEERRKNAQREYDNQMVYRKHLQEFIDKYRYNAAKSQEAQSRIKKLEKLPVLEPPEQDKTIDFKFPECDKLSPPIIQLQDVSFGYDENNLLLKDVNLDVQMDSRIALVGANGCGKTTLLKIMMEQLRPLKGFVSRNPRLRIGYFTQHHVDSMDLTTSAVDWMSKSFPGKTDEEYRRHLGSFGITGTLGLQKMQLLSGGQKSRVAFAALCLNNPHILVLDEPSNHLDTTGLDALVEALKNFNGGVLMVSHDISVIDSVCKEIWVSEQGTVKRFEGTIYDYRDYILQSADAAGVVKKH,"[10, 65, 67, 82, 87, 96, 105, 110, 132, 173, 195, 197, 238, 284, 292, 334, 342, 462, 476, 484, 491, 500, 501, 515, 520, 526, 571, 576, 586, 620, 625, 647, 656, 726]"
118,sp|YFR010W|,MSGETFEFNIRHSGKVYPITLSTDATSADLKSKAEELTQVPSARQKYMVKGGLSGEESIKIYPLIKPGSTVMLLGTPDANLISKPAKKNNFIEDLAPEQQVQQFAQLPVGFKNMGNTCYLNATLQALYRVNDLRDMILNYNPSQGVSNSGAQDEEIHKQIVIEMKRCFENLQNKSFKSVLPIVLLNTLRKCYPQFAERDSQGGFYKQQDAEELFTQLFHSMSIVFGDKFSEDFRIQFKTTIKDTANDNDITVKENESDSKLQCHISGTTNFMRNGLLEGLNEKIEKRSDLTGANSIYSVEKKISRLPKFLTVQYVRFFWKRSTNKKSKILRKVVFPFQLDVADMLTPEYAAEKVKVRDELRKVEKEKNEKEREIKRRKFDPSSSENVMTPREQYETQVALNESEKDQWLEEYKKHFPPNLEKGENPSCVYNLIGVITHQGANSESGHYQAFIRDELDENKWYKFNDDKVSVVEKEKIESLAGGGESDSALILMYKGFGL,"[31, 33, 46, 50, 60, 66, 84, 87, 88, 165, 174, 177, 190, 238, 242, 253, 260, 283, 286, 301, 302, 308, 355, 413, 414, 422, 460, 463, 468, 474, 476, 495]"
119,sp|YFR032C-A|,MAKSKNHTAHNQTRKAHRNGIKKPKTYKYPSLKGVDPKFRRNHKHALHGTAKALAAAKK,[44]
120,sp|YKL157W|,MPIVRWLLLKSAVRGSSLIGKAHPCLRSIAAHPRYLSNVYSPPAGVSRSLRINVMWKQSKLTPPRFVKIMNRRPLFTETSHACAKCQKTSQLLNKTPNREILPDNVVPLHYDLTVEPDFKTFKFEGSVKIELKINNPAIDTVTLNTVDTDIHSAKIGDVTSSEIISEEEQQVTTFAFPKGTMSSFKGNAFLDIKFTGILNDNMAGFYRAKYEDKLTGETKYMATTQMEPTDARRAFPCFDEPNLKASFAITLVSDPSLTHLSNMDVKNEYVKDGKKVTLFNTTPKMSTYLVAFIVAELKYVESKNFRIPVRVYATPGNEKHGQFAADLTAKTLAFFEKTFGIQYPLPKMDNVAVHEFSAGAMENWGLVTYRVVDLLLDKDNSTLDRIQRVAEVVQHELAHQWFGNLVTMDWWEGLWLNEGFATWMSWYSCNEFQPEWKVWEQYVTDTLQHALSLDSLRSSHPIEVPVKKADEINQIFDAISYSKGASLLRMISKWLGEETFIKGVSQYLNKFKYGNAKTEDLWDALADASGKDVRSVMNIWTKKVGFPVISVSEDGNGKITFRQNRYLSTADVKPDEDKTIYPVFLALKTKNGVDSSVVLSERSKTIELEDPTFFKVNSEQSGIYITSYTDERWAKLGQQADLLSVEDRVGLVADVKTLSASGYTSTTNFLNLVSKWNNEKSFVVWDQIINSISSMKSTWLFEPKETQDALDNFTKQLISGMTHHLGWEFKSSDSFSTQRLKVTMFGAACAARDADVEKAALKMFTDYCSGNKEAIPALIKPIVFNTVARVGGAENYEKVYKIYLDPISNDEKLAALRSLGRFKEPKLLERTLGYLFDGTVLNQDIYIPMQGMRAHQEGVEALWNWVKKNWDELVKRLPPGLSMLGSVVTLGTSGFTSMQKIDEIKKFFATKSTKGFDQSLAQSLDTITSKAQWVNRDRDVVNKYLKENGYY,"[10, 21, 57, 60, 68, 85, 88, 95, 123, 129, 133, 186, 194, 210, 214, 220, 267, 272, 275, 276, 285, 299, 304, 320, 331, 338, 348, 468, 469, 484, 494, 503, 511, 513, 518, 532, 543, 544, 574, 579, 589, 591, 605, 657, 681, 705, 716, 742, 759, 763, 773, 781, 799, 802, 813, 824, 827, 876, 901, 906, 907, 912, 915, 944, 947]"
121,sp|YFR052W|,MPSLAELTKSLSIAFENGDYAACEKLLPPIKIELIKNNLLIPDLSIQNDIYLNDLMITKRILEVGALASIQTFNFDSFENYFNQLKPYYFSNNHKLSESDKKSKLISLYLLNLLSQNNTTKFHSELQYLDKHIKNLEDDSLLSYPIKLDRWLMEGSYQKAWDLLQSGSQNISEFDSFTDILKSAIRDEIAKNTELSYDFLPLSNIKALLFFNNEKETEKFALERNWPIVNSKVYFNNQSKEKADYEDEMMHEEDQKTNIIEKAMDYAISIENIV,"[9, 31, 36, 95, 101, 102, 104, 159, 191, 215, 219, 232, 240, 242, 256, 262]"
122,sp|YGL008C|,MTDTSSSSSSSSASSVSAHQPTQEKPAKTYDDAASESSDDDDIDALIEELQSNHGVDDEDSDNDGPVAAGEARPVPEEYLQTDPSYGLTSDEVLKRRKKYGLNQMADEKESLVVKFVMFFVGPIQFVMEAAAILAAGLSDWVDFGVICGLLMLNAGVGFVQEFQAGSIVDELKKTLANTAVVIRDGQLVEIPANEVVPGDILQLEDGTVIPTDGRIVTEDCFLQIDQSAITGESLAVDKHYGDQTFSSSTVKRGEGFMVVTATGDNTFVGRAAALVNKAAGGQGHFTEVLNGIGIILLVLVIATLLLVWTACFYRTNGIVRILRYTLGITIIGVPVGLPAVVTTTMAVGAAYLAKKQAIVQKLSAIESLAGVEILCSDKTGTLTKNKLSLHEPYTVEGVSPDDLMLTACLAASRKKKGLDAIDKAFLKSLKQYPKAKDALTKYKVLEFHPFDPVSKKVTAVVESPEGERIVCVKGAPLFVLKTVEEDHPIPEDVHENYENKVAELASRGFRALGVARKRGEGHWEILGVMPCMDPPRDDTAQTVSEARHLGLRVKMLTGDAVGIAKETCRQLGLGTNIYNAERLGLGGGGDMPGSELADFVENADGFAEVFPQHKYRVVEILQNRGYLVAMTGDGVNDAPSLKKADTGIAVEGATDAARSAADIVFLAPGLSAIIDALKTSRQIFHRMYSYVVYRIALSLHLEIFLGLWIAILDNSLDIDLIVFIAIFADVATLAIAYDNAPYSPKPVKWNLPRLWGMSIILGIVLAIGSWITLTTMFLPKGGIIQNFGAMNGIMFLQISLTENWLIFITRAAGPFWSSIPSWQLAGAVFAVDIIATMFTLFGWWSENWTDIVTVVRVWIWSIGIFCVLGGFYYEMSTSEAFDRLMNGKPMKEKKSTRSVEDFMAAMQRVSTQHEKET,"[25, 28, 98, 99, 109, 115, 173, 174, 252, 278, 355, 356, 362, 385, 387, 415, 416, 417, 435, 437, 444, 456, 457, 474, 482, 518, 555, 566, 643, 644, 679, 749, 889, 892, 894, 895, 916]"
123,gi|15609521|,MPPKAADGRRPSPDGGLGGFVPFPADRAASYRAAGYWSGRTLDTVLSDAARRWPDRLAVADAGDRPGHGGLSYAELDQRADRAAAALHGLGITPGDRVLLQLPNGCQFAVALFALLRAGAIPVMCLPGHRAAELGHFAAVSAATGLVVADVASGFDYRPMARELVADHPTLRHVIVDGDPGPFVSWAQLCAQAGTGSPAPPADPGSPALLLVSGGTTGMPKLIPRTHDDYVFNATASAALCRLSADDVYLVVLAAGHNFPLACPGLLGAMTVGATAVFAPDPSPEAAFAAIERHGVTVTALVPALAKLWAQSCEWEPVTPKSLRLLQVGGSKLEPEDARRVRTALTPGLQQVFGMAEGLLNFTRIGDPPEVVEHTQGRPLCPADELRIVNADGEPVGPGEEGELLVRGPYTLNGYFAAERDNERCFDPDGFYRSGDLVRRRDDGNLVVTGRVKDVICRAGETIAASDLEEQLLSHPAIFSAAAVGLPDQYLGEKICAAVVFAGAPITLAELNGYLDRRGVAAHTRPDQLVAMPALPTTPIGKIDKRAIVRQLGIATGPVTTQRCH,"[4, 221, 321, 332, 453, 542, 545]"
